{
  "config": {
    "grid": [
      12,
      12
    ],
    "betas": [
      15,
      20,
      30,
      50,
      100
    ],
    "epsilons": [
      0.01,
      0.05,
      0.1,
      0.15,
      0.2
    ],
    "n_trials": 5,
    "theta_core": 0.8,
    "elapsed_s": 45.96479678153992
  },
  "results": [
    {
      "beta": 15,
      "eps": 0.01,
      "n_deep": 25,
      "n_shallow": 10,
      "n_ext": 109,
      "mean_delta_deep": 7.700352851142166e-05,
      "max_delta_deep": 8.596597422538821e-05,
      "frac_cross_deep": 0.0,
      "mean_delta_shallow": 8.740203707906734e-05,
      "max_delta_shallow": 0.0001649680089202743,
      "frac_cross_shallow": 0.0,
      "mean_delta_exterior": 5.01713541355192e-05,
      "max_delta_exterior": 0.0009083236851292753,
      "frac_cross_exterior": 0.0,
      "ratio_shallow_deep": 1.1350393776579122
    },
    {
      "beta": 15,
      "eps": 0.05,
      "n_deep": 25,
      "n_shallow": 10,
      "n_ext": 109,
      "mean_delta_deep": 4.504312645214537e-05,
      "max_delta_deep": 5.383803334875203e-05,
      "frac_cross_deep": 0.0,
      "mean_delta_shallow": 6.483531508497454e-05,
      "max_delta_shallow": 0.00016512676841073937,
      "frac_cross_shallow": 0.0,
      "mean_delta_exterior": 4.435756263378751e-05,
      "max_delta_exterior": 0.0010027362040763376,
      "frac_cross_exterior": 0.0,
      "ratio_shallow_deep": 1.4394053031344693
    },
    {
      "beta": 15,
      "eps": 0.1,
      "n_deep": 25,
      "n_shallow": 10,
      "n_ext": 109,
      "mean_delta_deep": 3.997978317796313e-05,
      "max_delta_deep": 5.082625576280364e-05,
      "frac_cross_deep": 0.0,
      "mean_delta_shallow": 6.821167477071732e-05,
      "max_delta_shallow": 0.0001986231941816019,
      "frac_cross_shallow": 0.0,
      "mean_delta_exterior": 4.9709588637461536e-05,
      "max_delta_exterior": 0.0011474741583095804,
      "frac_cross_exterior": 0.0,
      "ratio_shallow_deep": 1.7061541946609557
    },
    {
      "beta": 15,
      "eps": 0.15,
      "n_deep": 25,
      "n_shallow": 10,
      "n_ext": 109,
      "mean_delta_deep": 6.172125640809157e-06,
      "max_delta_deep": 1.7199514583943198e-05,
      "frac_cross_deep": 0.0,
      "mean_delta_shallow": 4.327416619655189e-05,
      "max_delta_shallow": 0.00018125714990402386,
      "frac_cross_shallow": 0.0,
      "mean_delta_exterior": 4.0791824033563406e-05,
      "max_delta_exterior": 0.0011323659438968957,
      "frac_cross_exterior": 0.0,
      "ratio_shallow_deep": 7.011225745378493
    },
    {
      "beta": 15,
      "eps": 0.2,
      "n_deep": 25,
      "n_shallow": 10,
      "n_ext": 109,
      "mean_delta_deep": 3.512486746232302e-05,
      "max_delta_deep": 4.60844429231555e-05,
      "frac_cross_deep": 0.0,
      "mean_delta_shallow": 6.623853938192205e-05,
      "max_delta_shallow": 0.00020176402368972114,
      "frac_cross_shallow": 0.0,
      "mean_delta_exterior": 4.980852315958609e-05,
      "max_delta_exterior": 0.0011157912304674334,
      "frac_cross_exterior": 0.0,
      "ratio_shallow_deep": 1.8858018312232314
    },
    {
      "beta": 20,
      "eps": 0.01,
      "n_deep": 28,
      "n_shallow": 12,
      "n_ext": 104,
      "mean_delta_deep": 3.420496393337397e-05,
      "max_delta_deep": 3.835560211691291e-05,
      "frac_cross_deep": 0.0,
      "mean_delta_shallow": 4.062988463889491e-05,
      "max_delta_shallow": 0.00010827453074517824,
      "frac_cross_shallow": 0.0,
      "mean_delta_exterior": 2.6415358910839244e-05,
      "max_delta_exterior": 0.000409805963123977,
      "frac_cross_exterior": 0.0,
      "ratio_shallow_deep": 1.1878359152208346
    },
    {
      "beta": 20,
      "eps": 0.05,
      "n_deep": 28,
      "n_shallow": 12,
      "n_ext": 104,
      "mean_delta_deep": 4.612927619202749e-05,
      "max_delta_deep": 5.1800982707028706e-05,
      "frac_cross_deep": 0.0,
      "mean_delta_shallow": 5.48963610824497e-05,
      "max_delta_shallow": 0.0001569403934260416,
      "frac_cross_shallow": 0.0,
      "mean_delta_exterior": 3.8138947747231457e-05,
      "max_delta_exterior": 0.0005770923032712538,
      "frac_cross_exterior": 0.0,
      "ratio_shallow_deep": 1.1900546814115722
    },
    {
      "beta": 20,
      "eps": 0.1,
      "n_deep": 28,
      "n_shallow": 12,
      "n_ext": 104,
      "mean_delta_deep": 4.784409523634268e-05,
      "max_delta_deep": 5.3029383995339964e-05,
      "frac_cross_deep": 0.0,
      "mean_delta_shallow": 5.553666758662349e-05,
      "max_delta_shallow": 0.00014880152293117455,
      "frac_cross_shallow": 0.0,
      "mean_delta_exterior": 3.718979587808715e-05,
      "max_delta_exterior": 0.0005231563707787434,
      "frac_cross_exterior": 0.0,
      "ratio_shallow_deep": 1.1607841534525976
    },
    {
      "beta": 20,
      "eps": 0.15,
      "n_deep": 28,
      "n_shallow": 12,
      "n_ext": 104,
      "mean_delta_deep": 4.780607503253994e-05,
      "max_delta_deep": 5.2978497941835734e-05,
      "frac_cross_deep": 0.0,
      "mean_delta_shallow": 5.548527705597772e-05,
      "max_delta_shallow": 0.00014861800161789507,
      "frac_cross_shallow": 0.0,
      "mean_delta_exterior": 3.716116589162247e-05,
      "max_delta_exterior": 0.0005218849873244391,
      "frac_cross_exterior": 0.0,
      "ratio_shallow_deep": 1.1606323467929718
    },
    {
      "beta": 20,
      "eps": 0.2,
      "n_deep": 28,
      "n_shallow": 12,
      "n_ext": 104,
      "mean_delta_deep": 5.176522372661227e-05,
      "max_delta_deep": 5.602355649274582e-05,
      "frac_cross_deep": 0.0,
      "mean_delta_shallow": 5.749049458361004e-05,
      "max_delta_shallow": 0.00013455241963724606,
      "frac_cross_shallow": 0.0,
      "mean_delta_exterior": 3.583073435435569e-05,
      "max_delta_exterior": 0.0004469390794447331,
      "frac_cross_exterior": 0.0,
      "ratio_shallow_deep": 1.1106007169453116
    },
    {
      "beta": 30,
      "eps": 0.01,
      "n_deep": 30,
      "n_shallow": 9,
      "n_ext": 105,
      "mean_delta_deep": 1.7478897996362854e-06,
      "max_delta_deep": 2.3746845608574318e-06,
      "frac_cross_deep": 0.0,
      "mean_delta_shallow": 2.202773500120042e-06,
      "max_delta_shallow": 4.896902515749702e-06,
      "frac_cross_shallow": 0.0,
      "mean_delta_exterior": 2.430105816219911e-06,
      "max_delta_exterior": 8.521555279735748e-05,
      "frac_cross_exterior": 0.0,
      "ratio_shallow_deep": 1.2602473568862362
    },
    {
      "beta": 30,
      "eps": 0.05,
      "n_deep": 30,
      "n_shallow": 9,
      "n_ext": 105,
      "mean_delta_deep": 9.969367605429842e-07,
      "max_delta_deep": 1.3263350505887673e-06,
      "frac_cross_deep": 0.0,
      "mean_delta_shallow": 1.207225656431178e-06,
      "max_delta_shallow": 2.691725230907771e-06,
      "frac_cross_shallow": 0.0,
      "mean_delta_exterior": 1.3127652890573225e-06,
      "max_delta_exterior": 4.652326478390423e-05,
      "frac_cross_exterior": 0.0,
      "ratio_shallow_deep": 1.2109350404268968
    },
    {
      "beta": 30,
      "eps": 0.1,
      "n_deep": 30,
      "n_shallow": 9,
      "n_ext": 105,
      "mean_delta_deep": 6.606109813282282e-07,
      "max_delta_deep": 8.814959257419374e-07,
      "frac_cross_deep": 0.0,
      "mean_delta_shallow": 7.897193871558234e-07,
      "max_delta_shallow": 1.8132156128114473e-06,
      "frac_cross_shallow": 0.0,
      "mean_delta_exterior": 1.0778288252299291e-06,
      "max_delta_exterior": 3.935275491250279e-05,
      "frac_cross_exterior": 0.0,
      "ratio_shallow_deep": 1.1954378741449454
    },
    {
      "beta": 30,
      "eps": 0.15,
      "n_deep": 30,
      "n_shallow": 9,
      "n_ext": 105,
      "mean_delta_deep": 8.64174046629899e-06,
      "max_delta_deep": 6.844551972806645e-05,
      "frac_cross_deep": 0.0,
      "mean_delta_shallow": 7.4587592460546085e-06,
      "max_delta_shallow": 1.4598811105459574e-05,
      "frac_cross_shallow": 0.0,
      "mean_delta_exterior": 1.3624737959748534e-05,