{
  "experiment": "exp65_formation_tracking",
  "results": [
    {
      "config": "20x20_c0.6",
      "grid_size": 20,
      "n": 400,
      "c_ref": 0.6,
      "c_half": 0.3,
      "lambda_rep": 0.0,
      "lambda_bar": 100.0,
      "n_restarts": 2,
      "max_iter": 1000,
      "base_energy": 14.046375187891805,
      "base_coms": [
        {
          "x": 3.1474516586996915,
          "y": 8.464224015838731
        },
        {
          "x": 12.111848606071137,
          "y": 15.521632846507305
        }
      ],
      "summary": {
        "elapsed_s": 14.475121021270752,
        "base_energy": 14.046375187891805,
        "energy_asymmetry_pos_minus_neg": -0.06463392968741033,
        "mean_center_offset_norm": 0.16502414354044215,
        "max_center_offset_norm": 0.16733676328449584,
        "mean_separation": 11.549330296575635,
        "min_separation": 11.492771920426405,
        "max_separation": 11.642562426073626,
        "mean_soft_overlap": 0.012507865587741645,
        "max_soft_overlap": 0.014091661401200049,
        "mean_lambda_coupling": 0.0,
        "max_lambda_coupling": 0.0,
        "swap_count": 0,
        "max_abs_delta_theta_mod_pi": 0.019110318865960707,
        "type_label": "Type B candidate (off-center/swap-prone)"
      },
      "rows": [
        {
          "config": "20x20_c0.6",
          "grid_size": 20,
          "n": 400,
          "c_ref": 0.6,
          "epsilon": -3.0,
          "mass1": 116.99999999999905,
          "mass2": 123.00000000000013,
          "x1": 2.9572098002201717,
          "y1": 8.426283989339323,
          "x2": 12.017854831067448,
          "y2": 15.496539857405498,
          "pair_mid_x": 7.48753231564381,
          "pair_mid_y": 11.96141192337241,
          "center_offset": 3.1793985024054208,
          "center_offset_norm": 0.16733676328449584,
          "d_c": 11.492771920426405,
          "theta": 0.662628877290763,
          "theta_mod_pi": 0.6626288772907629,
          "delta_theta_mod_pi": -0.004302080221102678,
          "hard_overlap": 11.0,
          "soft_overlap": 0.014091661401200049,
          "d_min": 0.0,
          "lambda_coupling": 0.0,
          "regime_lambda": "weakly-interacting",
          "regime_geometric": "weakly-interacting",
          "total_energy": 13.85589726349472,
          "swap_from_previous": false,
          "elapsed_s": 1.3247408866882324
        },
        {
          "config": "20x20_c0.6",
          "grid_size": 20,
          "n": 400,
          "c_ref": 0.6,
          "epsilon": -2.0,
          "mass1": 117.99999999999943,
          "mass2": 121.99999999999952,
          "x1": 2.976083332579838,
          "y1": 8.441274911141774,
          "x2": 12.05575239513516,
          "y2": 15.503458435727616,
          "pair_mid_x": 7.515917863857499,
          "pair_mid_y": 11.972366673434696,
          "center_offset": 3.1700439887910594,
          "center_offset_norm": 0.16684442046268733,
          "d_c": 11.50281819470585,
          "theta": 0.6610581764661966,
          "theta_mod_pi": 0.6610581764661965,
          "delta_theta_mod_pi": -0.005872781045669129,
          "hard_overlap": 10.0,
          "soft_overlap": 0.013852040535769676,
          "d_min": 0.0,
          "lambda_coupling": 0.0,
          "regime_lambda": "weakly-interacting",
          "regime_geometric": "weakly-interacting",
          "total_energy": 13.849633359571893,
          "swap_from_previous": false,
          "elapsed_s": 1.3568220138549805
        },
        {
          "config": "20x20_c0.6",
          "grid_size": 20,
          "n": 400,
          "c_ref": 0.6,
          "epsilon": -1.0,
          "mass1": 119.00000000000084,
          "mass2": 121.00000000000055,
          "x1": 2.9952675328002223,
          "y1": 8.452141868306215,
          "x2": 12.09469403959077,
          "y2": 15.510040190588189,
          "pair_mid_x": 7.544980786195496,
          "pair_mid_y": 11.981091029447203,
          "center_offset": 3.158783440305486,
          "center_offset_norm": 0.16625176001607822,
          "d_c": 11.515793132917644,
          "theta": 0.6597111020219039,
          "theta_mod_pi": 0.659711102021904,
          "delta_theta_mod_pi": -0.007219855489961624,
          "hard_overlap": 11.0,
          "soft_overlap": 0.013650167796283964,
          "d_min": 0.0,
          "lambda_coupling": 0.0,
          "regime_lambda": "weakly-interacting",
          "regime_geometric": "weakly-interacting",
          "total_energy": 13.843722340319896,
          "swap_from_previous": false,
          "elapsed_s": 1.3868632316589355
        },
        {
          "config": "20x20_c0.6",
          "grid_size": 20,
          "n": 400,
          "c_ref": 0.6,
          "epsilon": -0.5,
          "mass1": 119.50000000000009,
          "mass2": 120.49999999999986,
          "x1": 3.004795301397783,
          "y1": 8.4569867117526,
          "x2": 12.116743367552777,
          "y2": 15.512771736027837,
          "pair_mid_x": 7.56076933447528,
          "pair_mid_y": 11.984879223890218,
          "center_offset": 3.152021626104856,
          "center_offset_norm": 0.16589587505815032,
          "d_c": 11.524395857011006,
          "theta": 0.6589002842244188,
          "theta_mod_pi": 0.6589002842244187,
          "delta_theta_mod_pi": -0.008030673287446888,
          "hard_overlap": 12.0,
          "soft_overlap": 0.013497648482420327,
          "d_min": 0.0,
          "lambda_coupling": 0.0,
          "regime_lambda": "weakly-interacting",
          "regime_geometric": "weakly-interacting",
          "total_energy": 13.840187391467193,
          "swap_from_previous": false,
          "elapsed_s": 1.4455749988555908
        },
        {
          "config": "20x20_c0.6",
          "grid_size": 20,
          "n": 400,
          "c_ref": 0.6,
          "epsilon": 0.0,
          "mass1": 120.0000000000003,
          "mass2": 119.99999999999953,
          "x1": 3.0139984996000653,
          "y1": 8.461658250489084,
          "x2": 12.142049363599048,
          "y2": 15.514649420526442,
          "pair_mid_x": 7.578023931599557,
          "pair_mid_y": 11.988153835507763,
          "center_offset": 3.1440263225132226,
          "center_offset_norm": 0.1654750696059591,
          "d_c": 11.535423573513784,
          "theta": 0.6578541233376336,
          "theta_mod_pi": 0.6578541233376338,
          "delta_theta_mod_pi": -0.009076834174231774,
          "hard_overlap": 12.0,
          "soft_overlap": 0.013214943181566569,
          "d_min": 0.0,
          "lambda_coupling": 0.0,
          "regime_lambda": "weakly-interacting",
          "regime_geometric": "weakly-interacting",
          "total_energy": 13.835366103094874,
          "swap_from_previous": false,
          "elapsed_s": 1.8833682537078857
        },
        {
          "config": "20x20_c0.6",
          "grid_size": 20,
          "n": 400,
          "c_ref": 0.6,
          "epsilon": 0.5,
          "mass1": 120.49999999999983,
          "mass2": 119.49999999999937,
          "x1": 3.02286434779599,
          "y1": 8.46605035563554,
          "x2": 12.172271770313792,
          "y2": 15.515000338663304,
          "pair_mid_x": 7.597568059054891,
          "pair_mid_y": 11.990525347149422,
          "center_offset": 3.1340012435737683,
          "center_offset_norm": 0.1649474338723036,
          "d_c": 11.549863724150644,
          "theta": 0.6564466909001211,
          "theta_mod_pi": 0.656446690900121,
          "delta_theta_mod_pi": -0.01048426661174462,
          "hard_overlap": 11.0,
          "soft_overlap": 0.012711134000605938,
          "d_min": 0.0,
          "lambda_coupling": 0.0,
          "regime_lambda": "weakly-interacting",
          "regime_geometric": "weakly-interacting",
          "total_energy": 13.827706381372359,
          "swap_from_previous": false,
          "elapsed_s": 1.5879387855529785
        },
        {
          "config": "20x20_c0.6",
          "grid_size": 20,
          "n": 400,