{
  "experiment": "exp65_formation_tracking",
  "results": [
    {
      "config": "20x20_c0.6",
      "grid_size": 20,
      "n": 400,
      "c_ref": 0.6,
      "c_half": 0.3,
      "lambda_rep": 0.5,
      "lambda_bar": 100.0,
      "n_restarts": 4,
      "max_iter": 1500,
      "base_energy": 15.174737814997137,
      "base_coms": [
        {
          "x": 2.8119637554102677,
          "y": 9.121293539440936
        },
        {
          "x": 14.797567996791598,
          "y": 10.565667245464148
        }
      ],
      "summary": {
        "elapsed_s": 75.01841878890991,
        "base_energy": 15.174737814997137,
        "energy_asymmetry_pos_minus_neg": 0.09453030364915271,
        "mean_center_offset_norm": 0.039701916608077786,
        "max_center_offset_norm": 0.0440435979775312,
        "mean_separation": 12.296020596853298,
        "min_separation": 12.25198936430309,
        "max_separation": 12.367544346355675,
        "mean_soft_overlap": 0.0,
        "max_soft_overlap": 0.0,
        "mean_lambda_coupling": 0.0,
        "max_lambda_coupling": 0.0,
        "swap_count": 0,
        "max_abs_delta_theta_mod_pi": 0.015356333176982151,
        "type_label": "Type A candidate (centered/stable)"
      },
      "rows": [
        {
          "config": "20x20_c0.6",
          "grid_size": 20,
          "n": 400,
          "c_ref": 0.6,
          "epsilon": -3.0,
          "mass1": 117.00000000000011,
          "mass2": 123.00000000000085,
          "x1": 2.63778169500565,
          "y1": 9.224602541917326,
          "x2": 14.924889293945487,
          "y2": 10.632842582233323,
          "pair_mid_x": 8.781335494475568,
          "pair_mid_y": 9.928722562075325,
          "center_offset": 0.8368283615730928,
          "center_offset_norm": 0.0440435979775312,
          "d_c": 12.367544346355675,
          "theta": 0.11411327609324627,
          "theta_mod_pi": 0.11411327609324617,
          "delta_theta_mod_pi": -0.005817437253743618,
          "hard_overlap": 0.0,
          "soft_overlap": 0.0,
          "d_min": 5.0,
          "lambda_coupling": 0.0,
          "regime_lambda": "well-separated",
          "regime_geometric": "well-separated",
          "total_energy": 14.753445748716038,
          "swap_from_previous": false,
          "elapsed_s": 7.050307750701904
        },
        {
          "config": "20x20_c0.6",
          "grid_size": 20,
          "n": 400,
          "c_ref": 0.6,
          "epsilon": -2.0,
          "mass1": 117.99999999999977,
          "mass2": 121.99999999999933,
          "x1": 2.6505033148314383,
          "y1": 9.209032434027108,
          "x2": 14.921437864087892,
          "y2": 10.619556523419018,
          "pair_mid_x": 8.785970589459666,
          "pair_mid_y": 9.914294478723063,
          "center_offset": 0.8255167558668882,
          "center_offset_norm": 0.04344825030878359,
          "d_c": 12.351737242950504,
          "theta": 0.11444608360051788,
          "theta_mod_pi": 0.11444608360051789,
          "delta_theta_mod_pi": -0.005484629746471903,
          "hard_overlap": 0.0,
          "soft_overlap": 0.0,
          "d_min": 5.0,
          "lambda_coupling": 0.0,
          "regime_lambda": "well-separated",
          "regime_geometric": "well-separated",
          "total_energy": 14.778615529163355,
          "swap_from_previous": false,
          "elapsed_s": 7.261478900909424
        },
        {
          "config": "20x20_c0.6",
          "grid_size": 20,
          "n": 400,
          "c_ref": 0.6,
          "epsilon": -1.0,
          "mass1": 118.99999999999933,
          "mass2": 120.99999999999946,
          "x1": 2.681541405403327,
          "y1": 9.153167337319998,
          "x2": 14.917193401336997,
          "y2": 10.612802983077628,
          "pair_mid_x": 8.799367403370162,
          "pair_mid_y": 9.882985160198814,
          "center_offset": 0.7984758408322571,
          "center_offset_norm": 0.04202504425432932,
          "d_c": 12.322407069398489,
          "theta": 0.11873254974960908,
          "theta_mod_pi": 0.118732549749609,
          "delta_theta_mod_pi": -0.0011981635973807858,
          "hard_overlap": 0.0,
          "soft_overlap": 0.0,
          "d_min": 5.0,
          "lambda_coupling": 0.0,
          "regime_lambda": "well-separated",
          "regime_geometric": "well-separated",
          "total_energy": 14.831645390652996,
          "swap_from_previous": false,
          "elapsed_s": 8.527864217758179
        },
        {
          "config": "20x20_c0.6",
          "grid_size": 20,
          "n": 400,
          "c_ref": 0.6,
          "epsilon": -0.5,
          "mass1": 119.5000000000002,
          "mass2": 120.50000000000088,
          "x1": 2.7330654625129944,
          "y1": 9.04514311185174,
          "x2": 14.921680028794812,
          "y2": 10.61086172301065,
          "pair_mid_x": 8.827372745653904,
          "pair_mid_y": 9.828002417431195,
          "center_offset": 0.7483401693948256,
          "center_offset_norm": 0.03938632470499082,
          "d_c": 12.288767221113218,
          "theta": 0.12775781325269425,
          "theta_mod_pi": 0.1277578132526942,
          "delta_theta_mod_pi": 0.007827099905704404,
          "hard_overlap": 0.0,
          "soft_overlap": 0.0,
          "d_min": 5.0,
          "lambda_coupling": 0.0,
          "regime_lambda": "well-separated",
          "regime_geometric": "well-separated",
          "total_energy": 14.874229117427777,
          "swap_from_previous": false,
          "elapsed_s": 7.975466966629028
        },
        {
          "config": "20x20_c0.6",
          "grid_size": 20,
          "n": 400,
          "c_ref": 0.6,
          "epsilon": 0.0,
          "mass1": 119.99999999999937,
          "mass2": 120.00000000000051,
          "x1": 2.745255581301291,
          "y1": 9.027248167829763,
          "x2": 14.923062932457038,
          "y2": 10.609892533380123,
          "pair_mid_x": 8.834159256879165,
          "pair_mid_y": 9.818570350604944,
          "center_offset": 0.7381266581585187,
          "center_offset_norm": 0.038848771482027304,
          "d_c": 12.280218038360362,
          "theta": 0.12923700282416856,
          "theta_mod_pi": 0.1292370028241685,
          "delta_theta_mod_pi": 0.009306289477178709,
          "hard_overlap": 0.0,
          "soft_overlap": 0.0,
          "d_min": 5.0,
          "lambda_coupling": 0.0,
          "regime_lambda": "well-separated",
          "regime_geometric": "well-separated",
          "total_energy": 14.880743931965943,
          "swap_from_previous": false,
          "elapsed_s": 7.290401220321655
        },
        {
          "config": "20x20_c0.6",
          "grid_size": 20,
          "n": 400,
          "c_ref": 0.6,
          "epsilon": 0.5,
          "mass1": 120.49999999999906,
          "mass2": 119.49999999999966,
          "x1": 2.7557919971574347,
          "y1": 9.012948562781132,
          "x2": 14.925168272911913,
          "y2": 10.609511699962773,
          "pair_mid_x": 8.840480135034674,
          "pair_mid_y": 9.811230131371953,
          "center_offset": 0.7292671986026004,
          "center_offset_norm": 0.038382484136978964,
          "d_c": 12.273660122062335,
          "theta": 0.1304501108998267,
          "theta_mod_pi": 0.1304501108998266,
          "delta_theta_mod_pi": 0.010519397552836818,
          "hard_overlap": 0.0,
          "soft_overlap": 0.0,
          "d_min": 5.0,
          "lambda_coupling": 0.0,
          "regime_lambda": "well-separated",
          "regime_geometric": "well-separated",
          "total_energy": 14.887267659744003,
          "swap_from_previous": false,
          "elapsed_s": 7.462445974349976
        },
        {
          "config": "20x20_c0.6",
          "grid_size": 20,
          "n": 400,
          "c_ref": 0.6,
          "epsilon": 1.0,
          "mass1": 120.99999999999942,
          "mass2": 118.99999999999967,
          "x1": 2.765413757287764,
          "y1": 9.00071361251737,