{
  "experiment": "exp65_formation_tracking",
  "results": [
    {
      "config": "20x20_c0.6",
      "grid_size": 20,
      "n": 400,
      "c_ref": 0.6,
      "c_half": 0.3,
      "lambda_rep": 0.1,
      "lambda_bar": 100.0,
      "n_restarts": 4,
      "max_iter": 1500,
      "base_energy": 14.77901418605635,
      "base_coms": [
        {
          "x": 3.1768867956491187,
          "y": 7.731927437594083
        },
        {
          "x": 14.948466127161032,
          "y": 11.483433913318391
        }
      ],
      "summary": {
        "elapsed_s": 99.44479322433472,
        "base_energy": 14.77901418605635,
        "energy_asymmetry_pos_minus_neg": 0.051569649779791504,
        "mean_center_offset_norm": 0.019507274885978438,
        "max_center_offset_norm": 0.020981177243777023,
        "mean_separation": 12.538189066925392,
        "min_separation": 12.499963033364097,
        "max_separation": 12.586782930211294,
        "mean_soft_overlap": 0.0,
        "max_soft_overlap": 0.0,
        "mean_lambda_coupling": 0.0,
        "max_lambda_coupling": 0.0,
        "swap_count": 0,
        "max_abs_delta_theta_mod_pi": 0.004989711157858956,
        "type_label": "Type A candidate (centered/stable)"
      },
      "rows": [
        {
          "config": "20x20_c0.6",
          "grid_size": 20,
          "n": 400,
          "c_ref": 0.6,
          "epsilon": -3.0,
          "mass1": 117.00000000000054,
          "mass2": 122.9999999999992,
          "x1": 3.110470395289338,
          "y1": 7.560174244685718,
          "x2": 15.092653103734945,
          "y2": 11.41431514424888,
          "pair_mid_x": 9.101561749512141,
          "pair_mid_y": 9.487244694467298,
          "center_offset": 0.3986423676317634,
          "center_offset_norm": 0.020981177243777023,
          "d_c": 12.586782930211294,
          "theta": 0.31120439407097994,
          "theta_mod_pi": 0.3112043940709799,
          "delta_theta_mod_pi": 0.0026885317236373663,
          "hard_overlap": 0.0,
          "soft_overlap": 0.0,
          "d_min": 3.0,
          "lambda_coupling": 0.0,
          "regime_lambda": "well-separated",
          "regime_geometric": "well-separated",
          "total_energy": 14.512103583019776,
          "swap_from_previous": false,
          "elapsed_s": 7.735762119293213
        },
        {
          "config": "20x20_c0.6",
          "grid_size": 20,
          "n": 400,
          "c_ref": 0.6,
          "epsilon": -2.0,
          "mass1": 118.0000000000007,
          "mass2": 121.99999999999989,
          "x1": 3.1313647767417736,
          "y1": 7.582902811247391,
          "x2": 15.095291549599905,
          "y2": 11.43487552658334,
          "pair_mid_x": 9.11332816317084,
          "pair_mid_y": 9.508889168915365,
          "center_offset": 0.3867739995408723,
          "center_offset_norm": 0.02035652629162486,
          "d_c": 12.56874049481507,
          "theta": 0.3114849336835026,
          "theta_mod_pi": 0.3114849336835026,
          "delta_theta_mod_pi": 0.0029690713361600896,
          "hard_overlap": 0.0,
          "soft_overlap": 0.0,
          "d_min": 3.0,
          "lambda_coupling": 0.0,
          "regime_lambda": "well-separated",
          "regime_geometric": "well-separated",
          "total_energy": 14.529145684340216,
          "swap_from_previous": false,
          "elapsed_s": 7.2794349193573
        },
        {
          "config": "20x20_c0.6",
          "grid_size": 20,
          "n": 400,
          "c_ref": 0.6,
          "epsilon": -1.0,
          "mass1": 118.99999999999908,
          "mass2": 121.00000000000097,
          "x1": 3.1510396432444394,
          "y1": 7.604447833062973,
          "x2": 15.095585843751977,
          "y2": 11.45773512749632,
          "pair_mid_x": 9.123312743498207,
          "pair_mid_y": 9.531091480279647,
          "center_offset": 0.377968212098355,
          "center_offset_norm": 0.019893063794650265,
          "d_c": 12.550697467053396,
          "theta": 0.3120578845389214,
          "theta_mod_pi": 0.31205788453892147,
          "delta_theta_mod_pi": 0.003542022191578953,
          "hard_overlap": 0.0,
          "soft_overlap": 0.0,
          "d_min": 3.0,
          "lambda_coupling": 0.0,
          "regime_lambda": "well-separated",
          "regime_geometric": "well-separated",
          "total_energy": 14.548682233824607,
          "swap_from_previous": false,
          "elapsed_s": 6.2574968338012695
        },
        {
          "config": "20x20_c0.6",
          "grid_size": 20,
          "n": 400,
          "c_ref": 0.6,
          "epsilon": -0.5,
          "mass1": 119.5000000000002,
          "mass2": 120.50000000000026,
          "x1": 3.160638922974472,
          "y1": 7.6160834039218726,
          "x2": 15.096449807070892,
          "y2": 11.46824036203963,
          "pair_mid_x": 9.128544365022682,
          "pair_mid_y": 9.542161882980752,
          "center_offset": 0.3738407590577639,
          "center_offset_norm": 0.01967582942409284,
          "d_c": 12.542037102914724,
          "theta": 0.31218594604243555,
          "theta_mod_pi": 0.31218594604243544,
          "delta_theta_mod_pi": 0.0036700836950929183,
          "hard_overlap": 0.0,
          "soft_overlap": 0.0,
          "d_min": 3.0,
          "lambda_coupling": 0.0,
          "regime_lambda": "well-separated",
          "regime_geometric": "well-separated",
          "total_energy": 14.557402810414963,
          "swap_from_previous": false,
          "elapsed_s": 7.230693101882935
        },
        {
          "config": "20x20_c0.6",
          "grid_size": 20,
          "n": 400,
          "c_ref": 0.6,
          "epsilon": 0.0,
          "mass1": 119.999999999999,
          "mass2": 120.0000000000007,
          "x1": 3.170015955389244,
          "y1": 7.627118059481148,
          "x2": 15.098165331379347,
          "y2": 11.477887845299565,
          "pair_mid_x": 9.134090643384296,
          "pair_mid_y": 9.552502952390356,
          "center_offset": 0.36965689127706336,
          "center_offset_norm": 0.019455625856687545,
          "d_c": 12.534319904937206,
          "theta": 0.31226836219291126,
          "theta_mod_pi": 0.3122683621929112,
          "delta_theta_mod_pi": 0.003752499845568691,
          "hard_overlap": 0.0,
          "soft_overlap": 0.0,
          "d_min": 3.0,
          "lambda_coupling": 0.0,
          "regime_lambda": "well-separated",
          "regime_geometric": "well-separated",
          "total_energy": 14.56499203340397,
          "swap_from_previous": false,
          "elapsed_s": 16.93639326095581
        },
        {
          "config": "20x20_c0.6",
          "grid_size": 20,
          "n": 400,
          "c_ref": 0.6,
          "epsilon": 0.5,
          "mass1": 120.50000000000001,
          "mass2": 119.49999999999943,
          "x1": 3.1789653875655244,
          "y1": 7.63746010848484,
          "x2": 15.100193797177592,
          "y2": 11.487551558638796,
          "pair_mid_x": 9.139579592371557,
          "pair_mid_y": 9.562505833561818,
          "center_offset": 0.365800286309771,
          "center_offset_norm": 0.019252646647882687,
          "d_c": 12.527525332989372,
          "theta": 0.312386559143244,
          "theta_mod_pi": 0.312386559143244,
          "delta_theta_mod_pi": 0.0038706967959014627,
          "hard_overlap": 0.0,
          "soft_overlap": 0.0,
          "d_min": 3.0,
          "lambda_coupling": 0.0,
          "regime_lambda": "well-separated",
          "regime_geometric": "well-separated",
          "total_energy": 14.5720280840922,
          "swap_from_previous": false,
          "elapsed_s": 11.967707872390747
        },
        {
          "config": "20x20_c0.6",
          "grid_size": 20,
          "n": 400,
          "c_ref": 0.6,
          "epsilon": 1.0,
          "mass1": 121.00000000000031,
          "mass2": 119.00000000000048,
          "x1": 3.187424128167317,
          "y1": 7.647334225978366,