{
  "15x15_c0.5": {
    "grid_size": 15,
    "c_ref": 0.5,
    "c_half": 0.25,
    "E_K2": 9.139568622821649,
    "mu1": -0.010994851295520271,
    "mu2": -0.01223177873682381,
    "delta_mu": 0.0012369274413035394,
    "F_pp_uniform": 55.76443922598456,
    "epsilons_reopt": [
      -3.0,
      -2.0,
      -1.0,
      -0.5,
      0.0,
      0.5,
      1.0,
      2.0,
      3.0
    ],
    "energies_reopt": [
      4.426595400860988,
      4.426065018536097,
      4.434972568615014,
      4.422582435467696,
      4.418046769698154,
      4.504352385432909,
      4.511001860020918,
      4.518576068375866,
      4.5116721979957175
    ]
  },
  "15x15_c0.6": {
    "grid_size": 15,
    "c_ref": 0.6,
    "c_half": 0.3,
    "E_K2": 8.26544119942215,
    "mu1": 0.005164785992886134,
    "mu2": -0.03781421942103746,
    "delta_mu": 0.04297900541392359,
    "F_pp_uniform": 61.83464281193468,
    "epsilons_reopt": [
      -3.0,
      -2.0,
      -1.0,
      -0.5,
      0.0,
      0.5,
      1.0,
      2.0,
      3.0
    ],
    "energies_reopt": [
      4.151016732295505,
      4.1886503990620385,
      4.065006806758402,
      4.1986753943044075,
      4.126862162544894,
      4.255856214324426,
      4.029570567197224,
      4.0089838569120735,
      4.297967028290835
    ]
  },
  "20x20_c0.5": {
    "grid_size": 20,
    "c_ref": 0.5,
    "c_half": 0.25,
    "E_K2": 14.299121143896738,
    "mu1": -0.007897133355852543,
    "mu2": -0.0014499169691094545,
    "delta_mu": -0.006447216386743088,
    "F_pp_uniform": 54.982497410677475,
    "epsilons_reopt": [
      -3.0,
      -2.0,
      -1.0,
      -0.5,
      0.0,
      0.5,
      1.0,
      2.0,
      3.0
    ],
    "energies_reopt": [
      7.207901582663377,
      7.478782104835041,
      6.926674158474469,
      7.224383116339681,
      7.223069226790528,
      6.928279207877227,
      7.116861764503044,
      7.481349105569941,
      7.027703851274386
    ]
  },
  "20x20_c0.6": {
    "grid_size": 20,
    "c_ref": 0.6,
    "c_half": 0.3,
    "E_K2": 13.670449007900839,
    "mu1": -0.00459615222626956,
    "mu2": -0.0077912601667280736,
    "delta_mu": 0.003195107940458513,
    "F_pp_uniform": 61.72951865003869,
    "epsilons_reopt": [
      -3.0,
      -2.0,
      -1.0,
      -0.5,
      0.0,
      0.5,
      1.0,
      2.0,
      3.0
    ],
    "energies_reopt": [
      6.714708016071671,
      6.781989307534853,
      6.649757718546651,
      6.7032636234802006,
      6.538889132086813,
      6.763588636826279,
      6.786763083789647,
      6.671916732090342,
      6.657323965111973
    ]
  }
}