{
  "experiment": "exp71_branch_continuation_threshold",
  "config": "10x10:0.6",
  "lambdas": [
    0.0,
    0.1,
    0.5,
    1.0
  ],
  "up_branch": [
    {
      "lambda_rep": 0.0,
      "E_lambda": 12.814091094897186,
      "E0_inferred": 12.814091094897186,
      "self1": 6.348493362173496,
      "self2": 6.46559773272369,
      "overlap": 7.3368758213860605,
      "simplex_penalty": 0.0,
      "center_offset_norm": 0.015543896953027658,
      "separation": 2.4972968344468636,
      "branch_type": "Type A candidate",
      "regime_lambda": "strongly-interacting",
      "field_l2_step": 0.0,
      "field_linf_step": 0.0,
      "center_step": 0.0,
      "jump_flag": false
    },
    {
      "lambda_rep": 0.1,
      "E_lambda": 4.7801220527340575,
      "E0_inferred": 4.779955953828287,
      "self1": 2.440246232194403,
      "self2": 2.3397097216338834,
      "overlap": 0.0016609890577108043,
      "simplex_penalty": 0.0,
      "center_offset_norm": 0.018498789453802265,
      "separation": 6.397284013766953,
      "branch_type": "Type A candidate",
      "regime_lambda": "weakly-interacting",
      "field_l2_step": 0.3937095401463479,
      "field_linf_step": 0.5876768735539307,
      "center_step": 0.2195461041259474,
      "jump_flag": true
    },
    {
      "lambda_rep": 0.5,
      "E_lambda": 4.668344124292064,
      "E0_inferred": 4.668344124292064,
      "self1": 2.373217304155685,
      "self2": 2.295126820136379,
      "overlap": 0.0,
      "simplex_penalty": 0.0,
      "center_offset_norm": 0.01752603695227807,
      "separation": 6.464258606838759,
      "branch_type": "Type A candidate",
      "regime_lambda": "weakly-interacting",
      "field_l2_step": 0.052831400560669664,
      "field_linf_step": 0.22628491059030492,
      "center_step": 0.012585418451173187,
      "jump_flag": false
    },
    {
      "lambda_rep": 1.0,
      "E_lambda": 4.640522862865392,
      "E0_inferred": 4.640522862865392,
      "self1": 2.3475421865549997,
      "self2": 2.292980676310393,
      "overlap": 0.0,
      "simplex_penalty": 0.0,
      "center_offset_norm": 0.019506704253203003,
      "separation": 6.462883713856402,
      "branch_type": "Type A candidate",
      "regime_lambda": "weakly-interacting",
      "field_l2_step": 0.027957536000209393,
      "field_linf_step": 0.16931553630817833,
      "center_step": 0.007513120991470447,
      "jump_flag": false
    }
  ],
  "down_branch": [
    {
      "lambda_rep": 0.0,
      "E_lambda": 4.773925013362982,
      "E0_inferred": 4.773925013362982,
      "self1": 2.4394672641280053,
      "self2": 2.3344577492349767,
      "overlap": 0.0,
      "simplex_penalty": 0.0,
      "center_offset_norm": 0.06014754224808072,
      "separation": 6.37995643376859,
      "branch_type": "Type A candidate",
      "regime_lambda": "weakly-interacting",
      "field_l2_step": 0.04313945811882279,
      "field_linf_step": 0.16455756488580142,
      "center_step": 0.01592202178151025,
      "jump_flag": false
    },
    {
      "lambda_rep": 0.1,
      "E_lambda": 4.836507826537759,
      "E0_inferred": 4.836507826537759,
      "self1": 2.4874475403783958,
      "self2": 2.3490602861593635,
      "overlap": 0.0,
      "simplex_penalty": 0.0,
      "center_offset_norm": 0.04823328149355714,
      "separation": 6.347097762305169,
      "branch_type": "Type A candidate",
      "regime_lambda": "well-separated",
      "field_l2_step": 0.06847977965688118,
      "field_linf_step": 0.2525317874962932,
      "center_step": 0.027445709431559936,
      "jump_flag": false
    },
    {
      "lambda_rep": 0.5,
      "E_lambda": 4.997677810234455,
      "E0_inferred": 4.997677810234455,
      "self1": 2.614752490928033,
      "self2": 2.3829253193064215,
      "overlap": 0.0,
      "simplex_penalty": 0.0,
      "center_offset_norm": 0.0307440045219283,
      "separation": 6.243061327515971,
      "branch_type": "Type A candidate",
      "regime_lambda": "well-separated",
      "field_l2_step": 0.13525768355144888,
      "field_linf_step": 0.3323387837500369,
      "center_step": 0.055350554689369454,
      "jump_flag": false
    },
    {
      "lambda_rep": 1.0,
      "E_lambda": 5.899044421678055,
      "E0_inferred": 5.898979785112393,
      "self1": 3.2223073970630693,
      "self2": 2.6766723880493233,
      "overlap": 6.463656566289545e-05,
      "simplex_penalty": 0.0,
      "center_offset_norm": 0.005476188137377629,
      "separation": 5.670578601962808,
      "branch_type": "Type A candidate",
      "regime_lambda": "weakly-interacting",
      "field_l2_step": 0.0,
      "field_linf_step": 0.0,
      "center_step": 0.0,
      "jump_flag": false
    }
  ],
  "threshold_estimates": [
    {
      "lambda_rep": 0.0,
      "lower_overlap_branch": "down",
      "higher_overlap_branch": "up",
      "delta_E0": -8.040166081534204,
      "delta_R": 7.3368758213860605,
      "lambda_star": -1.0958569120248898,
      "same_type": true,
      "up_type": "Type A candidate",
      "down_type": "Type A candidate",
      "up_jump": false,
      "down_jump": false,
      "estimate_continuous": true
    },
    {
      "lambda_rep": 0.1,
      "lower_overlap_branch": "down",
      "higher_overlap_branch": "up",
      "delta_E0": 0.056551872709472484,
      "delta_R": 0.0016609890577108043,
      "lambda_star": 34.04710732255695,
      "same_type": true,
      "up_type": "Type A candidate",
      "down_type": "Type A candidate",
      "up_jump": true,
      "down_jump": false,
      "estimate_continuous": false
    },
    {
      "lambda_rep": 0.5,
      "lower_overlap_branch": "up",
      "higher_overlap_branch": "down",
      "delta_E0": -0.329333685942391,
      "delta_R": 0.0,
      "lambda_star": null,
      "same_type": true,
      "up_type": "Type A candidate",
      "down_type": "Type A candidate",
      "up_jump": false,
      "down_jump": false,
      "estimate_continuous": true
    },
    {
      "lambda_rep": 1.0,
      "lower_overlap_branch": "up",
      "higher_overlap_branch": "down",
      "delta_E0": -1.2584569222470003,
      "delta_R": 6.463656566289545e-05,
      "lambda_star": -19469.736817552115,
      "same_type": true,
      "up_type": "Type A candidate",
      "down_type": "Type A candidate",
      "up_jump": false,
      "down_jump": false,
      "estimate_continuous": true
    }
  ]
}