{
  "experiment": "exp71_branch_continuation_threshold",
  "config": "10x10:0.6",
  "lambdas": [
    0.0,
    0.01,
    0.02,
    0.05,
    0.075,
    0.1
  ],
  "up_branch": [
    {
      "lambda_rep": 0.0,
      "E_lambda": 12.960273694390782,
      "E0_inferred": 12.960273694390782,
      "self1": 5.681351414021016,
      "self2": 7.278204408635214,
      "overlap": 9.939492697036329,
      "simplex_penalty": 0.0007178717345514087,
      "center_offset_norm": 0.12897865713323933,
      "separation": 1.1158408078898874,
      "branch_type": "Type B candidate",
      "regime_lambda": "strongly-interacting",
      "field_l2_step": 0.0,
      "field_linf_step": 0.0,
      "center_step": 0.0,
      "jump_flag": false
    },
    {
      "lambda_rep": 0.01,
      "E_lambda": 5.203772724896156,
      "E0_inferred": 5.187717949135614,
      "self1": 2.2825567081612403,
      "self2": 2.9051612409743734,
      "overlap": 1.6054775760542732,
      "simplex_penalty": 0.0,
      "center_offset_norm": 0.2042690158656747,
      "separation": 4.489520576239044,
      "branch_type": "Type B candidate",
      "regime_lambda": "strongly-interacting",
      "field_l2_step": 0.4477455397427742,
      "field_linf_step": 0.7010626481298168,
      "center_step": 0.21838861340734594,
      "jump_flag": true
    },
    {
      "lambda_rep": 0.02,
      "E_lambda": 5.204353310202227,
      "E0_inferred": 5.173674082541083,
      "self1": 2.2750954847458367,
      "self2": 2.898574750356628,
      "overlap": 1.5339613830571721,
      "simplex_penalty": 3.847438618297883e-06,
      "center_offset_norm": 0.20257092030479262,
      "separation": 4.521108591339974,
      "branch_type": "Type B candidate",
      "regime_lambda": "strongly-interacting",
      "field_l2_step": 0.021189289087465892,
      "field_linf_step": 0.10974334228474736,
      "center_step": 0.005053540588244735,
      "jump_flag": false
    },
    {
      "lambda_rep": 0.05,
      "E_lambda": 5.2397635266300515,
      "E0_inferred": 5.175315960927504,
      "self1": 2.2771150895839796,
      "self2": 2.898200871343524,
      "overlap": 1.2889513140509425,
      "simplex_penalty": 0.0,
      "center_offset_norm": 0.20024044860577492,
      "separation": 4.566874347293603,
      "branch_type": "Type B candidate",
      "regime_lambda": "strongly-interacting",
      "field_l2_step": 0.017076126505357413,
      "field_linf_step": 0.08885240824886353,
      "center_step": 0.005175256316919132,
      "jump_flag": false
    },
    {
      "lambda_rep": 0.075,
      "E_lambda": 5.261275400740788,
      "E0_inferred": 5.183447270680009,
      "self1": 2.2820348729258395,
      "self2": 2.9014123977541697,
      "overlap": 1.0377084008103774,
      "simplex_penalty": 0.0,
      "center_offset_norm": 0.19739858443301664,
      "separation": 4.613991915636456,
      "branch_type": "Type B candidate",
      "regime_lambda": "weakly-interacting",
      "field_l2_step": 0.017392681316412976,
      "field_linf_step": 0.07056034641042774,
      "center_step": 0.005595518177981339,
      "jump_flag": false
    },
    {
      "lambda_rep": 0.1,
      "E_lambda": 5.276317912167477,
      "E0_inferred": 5.193663353483322,
      "self1": 2.2880598851905685,
      "self2": 2.9056034682927536,
      "overlap": 0.8265455868415519,
      "simplex_penalty": 0.0,
      "center_offset_norm": 0.19444101835923938,
      "separation": 4.653574982827422,
      "branch_type": "Type B candidate",
      "regime_lambda": "weakly-interacting",
      "field_l2_step": 0.017693799365724034,
      "field_linf_step": 0.07701276640407234,
      "center_step": 0.005507744052610939,
      "jump_flag": false
    }
  ],
  "down_branch": [
    {
      "lambda_rep": 0.0,
      "E_lambda": 5.903703132853319,
      "E0_inferred": 5.903703132853319,
      "self1": 2.7948785843902373,
      "self2": 3.1087862544311933,
      "overlap": 2.3178039486086206,
      "simplex_penalty": 3.8294031888103055e-05,
      "center_offset_norm": 0.20643395006237752,
      "separation": 3.1418401712238775,
      "branch_type": "Type B candidate",
      "regime_lambda": "strongly-interacting",
      "field_l2_step": 0.033203157806267376,
      "field_linf_step": 0.1497936256069646,
      "center_step": 0.00818303786395833,
      "jump_flag": false
    },
    {
      "lambda_rep": 0.01,
      "E_lambda": 5.961519000580806,
      "E0_inferred": 5.938554086024808,
      "self1": 2.808935759025971,
      "self2": 3.129603467441707,
      "overlap": 2.2964914555997753,
      "simplex_penalty": 1.4859557129628606e-05,
      "center_offset_norm": 0.2050892821103672,
      "separation": 3.165313755392859,
      "branch_type": "Type B candidate",
      "regime_lambda": "strongly-interacting",
      "field_l2_step": 0.04854227049668043,
      "field_linf_step": 0.23883866252607194,
      "center_step": 0.01100922379875815,
      "jump_flag": false
    },
    {
      "lambda_rep": 0.02,
      "E_lambda": 6.047203440528482,
      "E0_inferred": 6.001328202607054,
      "self1": 2.8321476168399764,
      "self2": 3.169132180465878,
      "overlap": 2.2937618960713806,
      "simplex_penalty": 4.840530119940338e-05,
      "center_offset_norm": 0.20373576066099786,
      "separation": 3.212713405863946,
      "branch_type": "Type B candidate",
      "regime_lambda": "strongly-interacting",
      "field_l2_step": 0.03878395290360227,
      "field_linf_step": 0.155082471683266,
      "center_step": 0.009580245327034127,
      "jump_flag": false
    },
    {
      "lambda_rep": 0.05,
      "E_lambda": 6.147670148121529,
      "E0_inferred": 6.042029144716383,
      "self1": 2.840893636628178,
      "self2": 3.2011190650808503,
      "overlap": 2.1128200681029092,
      "simplex_penalty": 1.6443007355042016e-05,
      "center_offset_norm": 0.20264202175607132,
      "separation": 3.255674590044656,
      "branch_type": "Type B candidate",
      "regime_lambda": "strongly-interacting",
      "field_l2_step": 0.03325486806444681,
      "field_linf_step": 0.18435488346538154,
      "center_step": 0.009148014190898083,
      "jump_flag": false
    },
    {
      "lambda_rep": 0.075,
      "E_lambda": 6.23193495817119,
      "E0_inferred": 6.07640671916114,
      "self1": 2.8595449874953855,
      "self2": 3.2168617316657544,
      "overlap": 2.073709853467338,
      "simplex_penalty": 0.0,
      "center_offset_norm": 0.20442731161461775,
      "separation": 3.2705290178552966,
      "branch_type": "Type B candidate",
      "regime_lambda": "strongly-interacting",
      "field_l2_step": 0.4471869553507881,
      "field_linf_step": 0.6560556384210954,
      "center_step": 0.1892762303772072,
      "jump_flag": true
    },
    {
      "lambda_rep": 0.1,
      "E_lambda": 14.793743209397249,
      "E0_inferred": 13.870821848983077,
      "self1": 6.385547166367729,
      "self2": 7.485274682615349,
      "overlap": 9.229213604141723,
      "simplex_penalty": 0.0,
      "center_offset_norm": 0.0939364072669888,
      "separation": 1.1525384415234927,
      "branch_type": "Mixed/ambiguous",
      "regime_lambda": "strongly-interacting",
      "field_l2_step": 0.0,
      "field_linf_step": 0.0,
      "center_step": 0.0,
      "jump_flag": false
    }
  ],
  "threshold_estimates": [
    {
      "lambda_rep": 0.0,
      "lower_overlap_branch": "down",
      "higher_overlap_branch": "up",
      "delta_E0": -7.056570561537463,
      "delta_R": 7.621688748427708,
      "lambda_star": -0.9258539405710022,
      "same_type": true,
      "up_type": "Type B candidate",
      "down_type": "Type B candidate",
      "up_jump": false,
      "down_jump": false,
      "estimate_continuous": true
    },
    {
      "lambda_rep": 0.01,
      "lower_overlap_branch": "up",
      "higher_overlap_branch": "down",
      "delta_E0": -0.7508361368891938,
      "delta_R": 0.6910138795455021,
      "lambda_star": -1.0865717160168162,
      "same_type": true,
      "up_type": "Type B candidate",