{
  "experiment": "exp71_branch_continuation_threshold",
  "config": "10x10:0.6",
  "lambdas": [
    0.0,
    0.01,
    0.02,
    0.05,
    0.075,
    0.1
  ],
  "up_branch": [
    {
      "lambda_rep": 0.0,
      "E_lambda": 15.480747485108243,
      "E0_inferred": 15.480747485108243,
      "self1": 7.7590563939615,
      "self2": 7.7216910911467425,
      "overlap": 8.8843085879333,
      "simplex_penalty": 0.0,
      "center_offset_norm": 0.005442356925005938,
      "separation": 0.6743198521958769,
      "branch_type": "Type A candidate",
      "regime_lambda": "strongly-interacting",
      "field_l2_step": 0.0,
      "field_linf_step": 0.0,
      "center_step": 0.0,
      "label_swapped": false,
      "field_l2_from_root": 0.0,
      "center_from_root": 0.0,
      "jump_flag": false
    },
    {
      "lambda_rep": 0.01,
      "E_lambda": 7.4145857541533715,
      "E0_inferred": 7.3880854223149255,
      "self1": 4.000913294198699,
      "self2": 3.3871721281162266,
      "overlap": 2.6500331838446227,
      "simplex_penalty": 0.0,
      "center_offset_norm": 0.03263365970927445,
      "separation": 5.063074047564443,
      "branch_type": "Type A candidate",
      "regime_lambda": "strongly-interacting",
      "field_l2_step": 0.38197188432678325,
      "field_linf_step": 0.5486560683689639,
      "center_step": 0.24832679490385404,
      "label_swapped": false,
      "field_l2_from_root": 0.38197188432678325,
      "center_from_root": 0.24832679490385404,
      "jump_flag": true
    },
    {
      "lambda_rep": 0.02,
      "E_lambda": 4.628565644449842,
      "E0_inferred": 4.628565644449842,
      "self1": 2.288796908323349,
      "self2": 2.339768736126493,
      "overlap": 0.0,
      "simplex_penalty": 0.0,
      "center_offset_norm": 0.06928012885342782,
      "separation": 6.310672485688686,
      "branch_type": "Type A candidate",
      "regime_lambda": "weakly-interacting",
      "field_l2_step": 0.1871770211816341,
      "field_linf_step": 0.38420276933324216,
      "center_step": 0.09381444535154072,
      "label_swapped": false,
      "field_l2_from_root": 0.5274654052743587,
      "center_from_root": 0.33262749950834125,
      "jump_flag": false
    },
    {
      "lambda_rep": 0.05,
      "E_lambda": 4.538323503454899,
      "E0_inferred": 4.538323503454899,
      "self1": 2.2393048443566044,
      "self2": 2.2990186590982944,
      "overlap": 0.0,
      "simplex_penalty": 0.0,
      "center_offset_norm": 0.07970784734249714,
      "separation": 6.355030156844119,
      "branch_type": "Type A candidate",
      "regime_lambda": "weakly-interacting",
      "field_l2_step": 0.03960708817549484,
      "field_linf_step": 0.1252213598253505,
      "center_step": 0.01182888026643552,
      "label_swapped": false,
      "field_l2_from_root": 0.5411393748413806,
      "center_from_root": 0.3361224333563501,
      "jump_flag": false
    },
    {
      "lambda_rep": 0.075,
      "E_lambda": 4.523239739276823,
      "E0_inferred": 4.523239739276823,
      "self1": 2.229004078505606,
      "self2": 2.294235660771217,
      "overlap": 0.0,
      "simplex_penalty": 0.0,
      "center_offset_norm": 0.08424048317210993,
      "separation": 6.354807166637354,
      "branch_type": "Mixed/ambiguous",
      "regime_lambda": "weakly-interacting",
      "field_l2_step": 0.017482354082599377,
      "field_linf_step": 0.08873519883976949,
      "center_step": 0.005879572129119656,
      "label_swapped": false,
      "field_l2_from_root": 0.5433085441647731,
      "center_from_root": 0.3365684097207151,
      "jump_flag": false
    },
    {
      "lambda_rep": 0.1,
      "E_lambda": 4.514587042856353,
      "E0_inferred": 4.514587042856353,
      "self1": 2.221477896445597,
      "self2": 2.293109146410756,
      "overlap": 0.0,
      "simplex_penalty": 0.0,
      "center_offset_norm": 0.0870098406272051,
      "separation": 6.352496481963754,
      "branch_type": "Mixed/ambiguous",
      "regime_lambda": "weakly-interacting",
      "field_l2_step": 0.013417405564091076,
      "field_linf_step": 0.07927622342447405,
      "center_step": 0.00432476429613301,
      "label_swapped": false,
      "field_l2_from_root": 0.5441921473742043,
      "center_from_root": 0.33682893042760365,
      "jump_flag": false
    }
  ],
  "down_branch": [
    {
      "lambda_rep": 0.0,
      "E_lambda": 4.55848519175421,
      "E0_inferred": 4.55848519175421,
      "self1": 2.2659531382732196,
      "self2": 2.2925320534809908,
      "overlap": 0.07455157562056379,
      "simplex_penalty": 0.0,
      "center_offset_norm": 0.13966764861705142,
      "separation": 6.066295463296606,
      "branch_type": "Type B candidate",
      "regime_lambda": "weakly-interacting",
      "field_l2_step": 0.00118711070688088,
      "field_linf_step": 0.0063654578186777555,
      "center_step": 0.00017006181334422291,
      "label_swapped": false,
      "field_l2_from_root": 0.5211050561898902,
      "center_from_root": 0.3107737339052544,
      "jump_flag": false
    },
    {
      "lambda_rep": 0.01,
      "E_lambda": 4.559287184728359,
      "E0_inferred": 4.5585596204359655,
      "self1": 2.2660115577442084,
      "self2": 2.292548062691757,
      "overlap": 0.07275642923939007,
      "simplex_penalty": 0.0,
      "center_offset_norm": 0.1395385208333379,
      "separation": 6.066153058835593,
      "branch_type": "Type B candidate",
      "regime_lambda": "weakly-interacting",
      "field_l2_step": 0.003392492858391829,
      "field_linf_step": 0.011512596502094907,
      "center_step": 0.0006633248256359968,
      "label_swapped": false,
      "field_l2_from_root": 0.5210248901277248,
      "center_from_root": 0.31064128996195667,
      "jump_flag": false
    },
    {
      "lambda_rep": 0.02,
      "E_lambda": 4.560669046222024,
      "E0_inferred": 4.559218749076621,
      "self1": 2.2664915354359634,
      "self2": 2.292727213640657,
      "overlap": 0.07251485727019454,
      "simplex_penalty": 0.0,
      "center_offset_norm": 0.13913563447842414,
      "separation": 6.063605810904637,
      "branch_type": "Type B candidate",
      "regime_lambda": "weakly-interacting",
      "field_l2_step": 0.018994327825110905,
      "field_linf_step": 0.06859780635297556,
      "center_step": 0.004004980946890387,
      "label_swapped": false,
      "field_l2_from_root": 0.5200860738639104,
      "center_from_root": 0.3101412900133892,
      "jump_flag": false
    },
    {
      "lambda_rep": 0.05,
      "E_lambda": 4.585335439580899,
      "E0_inferred": 4.580937693011089,
      "self1": 2.279120693115918,
      "self2": 2.3018169998951707,
      "overlap": 0.08795493139621056,
      "simplex_penalty": 0.0,
      "center_offset_norm": 0.13681874256710638,
      "separation": 6.044487501020682,
      "branch_type": "Type B candidate",
      "regime_lambda": "weakly-interacting",
      "field_l2_step": 0.1144275715521964,
      "field_linf_step": 0.2447696215720251,
      "center_step": 0.031793059499935196,
      "label_swapped": false,
      "field_l2_from_root": 0.5125174044819757,
      "center_from_root": 0.30752188687680904,
      "jump_flag": false
    },
    {
      "lambda_rep": 0.075,
      "E_lambda": 5.634134368948979,
      "E0_inferred": 5.574459867151923,
      "self1": 2.669071267315249,
      "self2": 2.9053885998366744,
      "overlap": 0.7956600239607521,
      "simplex_penalty": 0.0,
      "center_offset_norm": 0.1167150734379926,
      "separation": 5.689576455073013,
      "branch_type": "Mixed/ambiguous",
      "regime_lambda": "weakly-interacting",
      "field_l2_step": 0.43831101753064744,
      "field_linf_step": 0.5416196166448456,
      "center_step": 0.2864699096451182,
      "label_swapped": false,
      "field_l2_from_root": 0.43831101753064744,
      "center_from_root": 0.2864699096451182,
      "jump_flag": true
    },
    {
      "lambda_rep": 0.1,
      "E_lambda": 16.146810422613907,
      "E0_inferred": 15.272470000028346,
      "self1": 7.601834016083006,