{
  "64x64": {
    "grid_size": 64,
    "n": 4096,
    "lambda2": 5.618402305120393e-16,
    "v2_min": -0.027710964050573023,
    "v2_max": 0.027710964050568866,
    "v2_range": 0.05542192810114189,
    "skewness": 0.7251882560766224,
    "asymmetry": 0.4503765121532448,
    "time_sec": 1.49027681350708
  },
  "128x128": {
    "grid_size": 128,
    "n": 16384,
    "lambda2": -4.95426042430414e-16,
    "v2_min": -0.014293678610929285,
    "v2_max": 0.014293678610930787,
    "v2_range": 0.028587357221860073,
    "skewness": 0.7352220628259394,
    "asymmetry": 0.47044412565187876,
    "time_sec": 48.01209020614624
  },
  "256x256": {
    "grid_size": 256,
    "n": 65536,
    "lambda2": 3.276147701845342e-16,
    "v2_min": -0.006204980043130804,
    "v2_max": 0.006204980043143497,
    "v2_range": 0.012409960086274301,
    "skewness": 0.7102521789882996,
    "asymmetry": 0.42050435797659924,
    "time_sec": 401.5013942718506
  }
}