{
  "10x10_c0.5": {
    "grid_size": 10,
    "n": 100,
    "c_ref": 0.5,
    "c_half": 0.25,
    "lambda_sep": 0.3587116006233972,
    "lambda_cl": 0.5063961523639244,
    "F_pp": 0.009222239685335849,
    "asym_approx": -0.021031500845790564,
    "masses": [
      22.0,
      22.8,
      23.6,
      24.4,
      25.2,
      26.0,
      26.8,
      27.6,
      28.4,
      29.2,
      30.0
    ],
    "energies": [
      2.356240591158365,
      2.375204064907174,
      2.3713283791793685,
      2.4517837670536933,
      2.46289776021806,
      2.4648128158256566,
      2.472630104831868,
      2.477727497923948,
      2.48941488320963,
      2.514702937941224,
      2.5543674409045996
    ]
  },
  "10x10_c0.6": {
    "grid_size": 10,
    "n": 100,
    "c_ref": 0.6,
    "c_half": 0.3,
    "lambda_sep": 0.2303919193653009,
    "lambda_cl": 0.5054163644319479,
    "F_pp": -0.003078328459008329,
    "asym_approx": -0.0488509181523528,
    "masses": [
      24.0,
      25.2,
      26.4,
      27.6,
      28.8,
      30.0,
      31.2,
      32.4,
      33.6,
      34.8,
      36.0
    ],
    "energies": [
      2.18511122592066,
      2.193507545241345,
      2.2062515843386636,
      2.225917984473423,
      2.2518505445423718,
      2.281070535975358,
      2.3058577344273723,
      2.199343171963897,
      2.3506494416493617,
      2.393356644623078,
      2.1664231603829096
    ]
  },
  "12x12_c0.5": {
    "grid_size": 12,
    "n": 144,
    "c_ref": 0.5,
    "c_half": 0.25,
    "lambda_sep": 0.35469333209975573,
    "lambda_cl": 0.5020310662508704,
    "F_pp": 0.030487331200699363,
    "asym_approx": 0.010711967367107444,
    "masses": [
      31.68,
      32.832,
      33.984,
      35.135999999999996,
      36.288,
      37.44,
      38.592,
      39.744,
      40.896,
      42.047999999999995,
      43.199999999999996
    ],
    "energies": [
      3.051083433785901,
      3.0520652974686717,
      3.139465538386093,
      3.145149381279925,
      3.1332866314078482,
      3.1745143502273914,
      3.2562019282327075,
      3.124417219414123,
      3.280701304744974,
      3.2691498015268783,
      3.308499968525271
    ]
  },
  "12x12_c0.6": {
    "grid_size": 12,
    "n": 144,
    "c_ref": 0.6,
    "c_half": 0.3,
    "lambda_sep": 0.22778355842061757,
    "lambda_cl": 0.5019377968611104,
    "F_pp": -0.036888851469647814,
    "asym_approx": -0.06041705468171932,
    "masses": [
      34.559999999999995,
      36.288,
      38.016,
      39.744,
      41.471999999999994,
      43.199999999999996,
      44.928,
      46.656,
      48.384,
      50.111999999999995,
      51.839999999999996
    ],
    "energies": [
      2.8300018368570603,
      2.8477580308414745,
      2.868263095169754,
      2.861141860781598,
      2.9402708500749033,
      2.923021745096375,
      2.795623119851102,
      3.0321700007112242,
      2.8594103799445114,
      2.9161099957029615,
      2.8570786146872287
    ]
  },
  "15x15_c0.5": {
    "grid_size": 15,
    "n": 225,
    "c_ref": 0.5,
    "c_half": 0.25,
    "lambda_sep": 0.35565089114593107,
    "lambda_cl": 0.5079815790625978,
    "F_pp": -0.03386634644274492,
    "asym_approx": -0.09481603196366617,
    "masses": [
      49.5,
      51.3,
      53.1,
      54.9,
      56.7,
      58.5,
      60.3,
      62.1,
      63.9,
      65.7,
      67.5
    ],
    "energies": [
      4.40797290751415,
      4.498603681758682,
      4.403774364578326,
      4.406642474076364,
      4.504223237912922,
      4.505763513048078,
      4.39757682570874,
      4.524522189050209,
      4.513393891070907,
      4.4962892331990325,
      4.403036291875765
    ]
  },
  "15x15_c0.6": {
    "grid_size": 15,
    "n": 225,
    "c_ref": 0.6,
    "c_half": 0.3,
    "lambda_sep": 0.22838401057831195,
    "lambda_cl": 0.5079978944992115,
    "F_pp": 0.019188585329843532,
    "asym_approx": 0.14310018964521837,
    "masses": [
      54.0,
      56.7,
      59.4,
      62.1,
      64.8,
      67.5,
      70.2,
      72.9,
      75.6,
      78.3,
      81.0
    ],
    "energies": [
      4.163487326118737,
      4.130210674628309,
      4.102068522786064,
      4.1891546440490455,
      4.267981608355007,
      4.06386481178585,
      3.9996328022712517,
      4.067440106298975,
      4.18621175589041,
      4.125073074554949,
      4.06831608011249
    ]
  },
  "18x18_c0.5": {
    "grid_size": 18,
    "n": 324,
    "c_ref": 0.5,
    "c_half": 0.25,
    "lambda_sep": 0.34986438764972266,
    "lambda_cl": 0.5109054116073548,
    "F_pp": -0.02198192750709239,
    "asym_approx": 0.024782410545998765,
    "masses": [
      71.28,
      73.872,
      76.464,
      79.056,
      81.648,
      84.24000000000001,
      86.832,
      89.424,
      92.016,
      94.608,
      97.2
    ],
    "energies": [
      5.836408684753687,
      5.768754520138232,
      6.050302909111921,
      6.307032970341864,
      6.052327913638546,
      6.036408020812862,
      5.872803339380169,
      6.1511522076386935,
      5.859176016403977,
      5.954235561488087,
      5.958355790813858
    ]
  },
  "18x18_c0.6": {
    "grid_size": 18,
    "n": 324,
    "c_ref": 0.6,
    "c_half": 0.3,
    "lambda_sep": 0.22465765465328452,
    "lambda_cl": 0.5110147131345265,
    "F_pp": -0.02679645076995392,
    "asym_approx": -0.18197225168980385,
    "masses": [
      77.76,
      81.64800000000001,
      85.536,
      89.424,
      93.312,
      97.2,
      101.088,
      104.976,
      108.864,
      112.75200000000001,
      116.64
    ],
    "energies": [
      5.443776367220723,
      5.518521922456284,
      5.518885205059427,
      5.543215536014721,
      5.576618952936356,
      5.683292642460617,
      5.384896604877034,
      5.769390728442279,
      5.760832072364472,
      5.502189073339893,
      5.562777647986088
    ]
  },
  "20x20_c0.5": {
    "grid_size": 20,
    "n": 400,
    "c_ref": 0.5,
    "c_half": 0.25,
    "lambda_sep": 0.34866177892010386,
    "lambda_cl": 0.5104572382903215,
    "F_pp": 0.011939389052751586,
    "asym_approx": 0.3527303979720055,
    "masses": [
      88.0,
      91.2,
      94.4,
      97.6,
      100.8,
      104.0,
      107.2,
      110.4,
      113.6,
      116.8,
      120.0
    ],
    "energies": [
      6.895479528027867,
      6.91517186630648,
      7.1271918127100315,
      7.013548889686718,
      7.043155806068985,
      7.023609098486235,
      7.1263217348036605,
      7.213261670559233,
      7.676365871004796,
      6.943339505920762,
      7.056907716369165
    ]
  },
  "20x20_c0.6": {
    "grid_size": 20,
    "n": 400,
    "c_ref": 0.6,
    "c_half": 0.3,
    "lambda_sep": 0.22388763765520822,
    "lambda_cl": 0.5103549650129376,
    "F_pp": 0.017729923816566368,
    "asym_approx": 0.3569087301744579,
    "masses": [
      96.0,
      100.8,
      105.6,
      110.4,
      115.2,
      120.0,
      124.8,
      129.6,
      134.4,
      139.2,
      144.0
    ],
    "energies": [
      6.426965294274407,
      6.490021248435264,
      6.579303532075945,
      6.604424414227758,
      6.635078871596731,
      6.473792636356729,
      6.721003845850415,
      6.594148462560964,
      6.779522882351932,
      6.527246811268059,
      6.710347967717194
    ]
  },
  "24x24_c0.5": {
    "grid_size": 24,
    "n": 576,
    "c_ref": 0.5,
    "c_half": 0.25,
    "lambda_sep": 0.3496771622919054,
    "lambda_cl": 0.505865675862592,
    "F_pp": -0.03650864670208303,
    "asym_approx": -0.6334514637722138,
    "masses": [
      126.72,
      131.328,
      135.936,
      140.54399999999998,
      145.152,
      149.76,
      154.368,
      158.976,
      163.584,
      168.19199999999998,
      172.79999999999998
    ],
    "energies": [
      9.270620049262389,
      9.368190877024613,
      9.387459204802212,
      9.61378537905724,
      9.491684112567107,
      9.890866846474063,
      9.514837243214279,
      9.80245812306486,
      9.63462262482204,
      9.731002784191771,
      10.193242128955482
    ]
  },