{
  "experiment": "exp43_50x50_scale",
  "params": {
    "beta": 50.0,
    "volume_fraction": 0.3
  },
  "grids": [
    {
      "side": 10,
      "n": 100,
      "formation": {
        "energy": 2.3148720138451595,
        "energy_terms": {
          "E_bd": 18.56782649985786,
          "E_cl": 2.4908778217533794,
          "E_sep": 1.4361409396237146,
          "E_total": 2.3148720138451595
        },
        "converged": true,
        "n_iter": 102,
        "max_u": 1.0,
        "min_u": 0.0,
        "std_u": 0.4492045846736409,
        "formation_strength": 1.0,
        "time_sec": 0.4
      },
      "core": {
        "core_size": 30,
        "deep_size": 20,
        "boundary_size": 10,
        "deep_ratio": 0.6666666666666666,
        "boundary_ratio": 0.3333333333333333
      },
      "diagnostics": {
        "Bind": 0.8421748492237888,
        "Sep": 0.9521286353458753,
        "Inside": 1.0,
        "Persist": 1.0,
        "min_score": 0.8421748492237888,
        "mean_score": 0.948575871142416
      },
      "transport": {
        "converged": true,
        "iterations": 1,
        "transport_energy": 2.0811574264952735,
        "time_sec": 0.07
      },
      "boundary_scaling": {
        "n": 100,
        "boundary_over_core": 0.3333333333333333
      }
    },
    {
      "side": 15,
      "n": 225,
      "formation": {
        "energy": 5.433813787231848,
        "energy_terms": {
          "E_bd": 44.69540478352056,
          "E_cl": 5.2732820515934336,
          "E_sep": 4.485019466258374,
          "E_total": 5.433813787231848
        },
        "converged": true,
        "n_iter": 195,
        "max_u": 1.0,
        "min_u": 0.0,
        "std_u": 0.44052785322602234,
        "formation_strength": 1.0,
        "time_sec": 0.73
      },
      "core": {
        "core_size": 69,
        "deep_size": 53,
        "boundary_size": 16,
        "deep_ratio": 0.7681159420289855,
        "boundary_ratio": 0.2318840579710145
      },
      "diagnostics": {
        "Bind": 0.8469091475032129,
        "Sep": 0.9335552671665435,
        "Inside": 0.9758988491256972,
        "Persist": 1.0,
        "min_score": 0.8469091475032129,
        "mean_score": 0.9390908159488633
      },
      "transport": {
        "converged": true,
        "iterations": 2,
        "transport_energy": 5.391397248176575,
        "time_sec": 0.81
      },
      "boundary_scaling": {
        "n": 225,
        "boundary_over_core": 0.2318840579710145
      }
    },
    {
      "side": 20,
      "n": 400,
      "formation": {
        "energy": 7.417961512516365,
        "energy_terms": {
          "E_bd": 45.852507570562324,
          "E_cl": 9.106748926956143,
          "E_sep": 4.466628400425297,
          "E_total": 7.417961512516365
        },
        "converged": true,
        "n_iter": 183,
        "max_u": 1.0,
        "min_u": 0.0,
        "std_u": 0.4475843877398676,
        "formation_strength": 1.0,
        "time_sec": 0.66
      },
      "core": {
        "core_size": 122,
        "deep_size": 102,
        "boundary_size": 20,
        "deep_ratio": 0.8360655737704918,
        "boundary_ratio": 0.16393442622950818
      },
      "diagnostics": {
        "Bind": 0.849113047888857,
        "Sep": 0.9627780966631223,
        "Inside": 0.9831229415903411,
        "Persist": 1.0,
        "min_score": 0.849113047888857,
        "mean_score": 0.9487535215355801
      },
      "transport": {
        "converged": true,
        "iterations": 1,
        "transport_energy": 9.38392442346696,
        "time_sec": 0.68
      },
      "boundary_scaling": {
        "n": 400,
        "boundary_over_core": 0.16393442622950818
      }
    },
    {
      "side": 30,
      "n": 900,
      "formation": {
        "energy": 15.32607842117933,
        "energy_terms": {
          "E_bd": 78.72724456597811,
          "E_cl": 20.345135019125543,
          "E_sep": 8.84561863879365,
          "E_total": 15.32607842117933
        },
        "converged": true,
        "n_iter": 161,
        "max_u": 1.0,
        "min_u": 0.0,
        "std_u": 0.4506934097943685,
        "formation_strength": 1.0,
        "time_sec": 0.75
      },
      "core": {
        "core_size": 271,
        "deep_size": 240,
        "boundary_size": 31,
        "deep_ratio": 0.8856088560885609,
        "boundary_ratio": 0.11439114391143912
      },
      "diagnostics": {
        "Bind": 0.8496480609476348,
        "Sep": 0.9672384494859493,
        "Inside": 0.9923885803776634,
        "Persist": 1.0,
        "min_score": 0.8496480609476348,
        "mean_score": 0.9523187727028118
      },
      "transport": {
        "converged": true,
        "iterations": 5,
        "transport_energy": 22.395743775412136,
        "time_sec": 15.1
      },
      "boundary_scaling": {
        "n": 900,
        "boundary_over_core": 0.11439114391143912
      }
    },
    {
      "side": 40,
      "n": 1600,
      "formation": {
        "energy": 25.559802975056805,
        "energy_terms": {
          "E_bd": 112.54296367665636,
          "E_cl": 35.933262379883594,
          "E_sep": 13.275802880900333,
          "E_total": 25.559802975056805
        },
        "converged": true,
        "n_iter": 187,
        "max_u": 1.0,
        "min_u": 0.0,
        "std_u": 0.45218263198811703,
        "formation_strength": 1.0,
        "time_sec": 0.76
      },
      "core": {
        "core_size": 481,
        "deep_size": 437,
        "boundary_size": 44,
        "deep_ratio": 0.9085239085239085,
        "boundary_ratio": 0.09147609147609148
      },
      "diagnostics": {
        "Bind": 0.8501391012057273,
        "Sep": 0.9723420773314576,
        "Inside": 0.9944358561687223,
        "Persist": 1.0,
        "min_score": 0.8501391012057273,
        "mean_score": 0.9542292586764768
      },
      "transport": {
        "skipped": true,
        "reason": "grid too large"
      },
      "boundary_scaling": {
        "n": 1600,
        "boundary_over_core": 0.09147609147609148
      }
    },
    {
      "side": 50,
      "n": 2500,
      "formation": {
        "energy": 39.84872558432456,
        "energy_terms": {
          "E_bd": 173.68196441014675,
          "E_cl": 56.0296748277039,
          "E_sep": 20.404699078193424,
          "E_total": 39.84872558432456
        },
        "converged": true,
        "n_iter": 235,
        "max_u": 1.0,
        "min_u": 0.0,
        "std_u": 0.4521032799948384,
        "formation_strength": 1.0,
        "time_sec": 1.32
      },
      "core": {
        "core_size": 752,
        "deep_size": 686,
        "boundary_size": 66,
        "deep_ratio": 0.9122340425531915,
        "boundary_ratio": 0.08776595744680851
      },
      "diagnostics": {
        "Bind": 0.8502940551244487,
        "Sep": 0.9727937345624087,
        "Inside": 0.0,
        "Persist": 1.0,
        "min_score": 0.0,
        "mean_score": 0.7057719474217143
      },
      "transport": {
        "skipped": true,
        "reason": "grid too large"
      },
      "boundary_scaling": {
        "n": 2500,
        "boundary_over_core": 0.08776595744680851
      }
    }
  ],
  "boundary_scaling_fit": {
    "ns": [
      100,
      225,
      400,
      900,
      1600,
      2500
    ],
    "ratios": [
      0.3333333333333333,
      0.2318840579710145,
      0.16393442622950818,
      0.11439114391143912,
      0.09147609147609148,
      0.08776595744680851
    ],
    "slope": -0.4349624175231456,
    "expected_slope": -0.5,
    "interpretation": "Slope=-0.435 (expected ~-0.5 for O(n^{-1/2}) scaling). CONSISTENT"
  },
  "total_time_sec": 21.34
}