{
  "experiment": "exp56_nucleation",
  "results": [
    {
      "graph": "grid_10x10",
      "n": 100,
      "k_eigengap": 8,
      "k_threshold": 10,
      "eigenvalues": [
        -8.134227166615035e-17,
        0.09788696740969197,
        0.0978869674096928,
        0.19577393481938563,
        0.381966011250104,
        0.38196601125010593
      ],
      "gaps": [
        0.09788696740969205,
        8.326672684688674e-16,
        0.09788696740969283,
        0.18619207643071836,
        1.942890293094024e-15
      ],
      "K_counts": [
        1,
        3,
        2,
        2,
        1,
        1,
        1,
        1,
        2,
        1
      ],
      "K_mean": 1.5,
      "K_std": 0.6708203932499369,
      "K_mode": 1
    },
    {
      "graph": "grid_15x15",
      "n": 225,
      "k_eigengap": 8,
      "k_threshold": 10,
      "eigenvalues": [
        1.1077011366532624e-15,
        0.04370479853238893,
        0.04370479853238899,
        0.08740959706477765,
        0.17290908471479813,
        0.172909084714799
      ],
      "gaps": [
        0.04370479853238782,
        6.245004513516506e-17,
        0.04370479853238866,
        0.08549948765002048,
        8.604228440844963e-16
      ],
      "K_counts": [
        2,
        1,
        2,
        3,
        1,
        4,
        3,
        2,
        3,
        4
      ],
      "K_mean": 2.5,
      "K_std": 1.02469507659596,
      "K_mode": 2
    },
    {
      "graph": "barbell_6_w1",
      "n": 72,
      "k_eigengap": 8,
      "k_threshold": 10,
      "eigenvalues": [
        -2.776977202025181e-16,
        0.02477624293099372,
        0.2679491924311209,
        0.26794919243112353,
        0.2679491924311236,
        0.32862906613460774
      ],
      "gaps": [
        0.024776242930993998,
        0.2431729495001272,
        2.609024107869118e-15,
        5.551115123125783e-17,
        0.060679873703484155
      ],
      "K_counts": [
        1,
        1,
        1,
        3,
        2,
        1,
        2,
        2,
        1,
        1
      ],
      "K_mean": 1.5,
      "K_std": 0.6708203932499369,
      "K_mode": 1
    },
    {
      "graph": "barbell_6_w01",
      "n": 72,
      "k_eigengap": 8,
      "k_threshold": 10,
      "eigenvalues": [
        3.846846112755331e-16,
        0.004961091885898962,
        0.2679491924311199,
        0.2679491924311225,
        0.267949192431123,
        0.2782840600902327
      ],
      "gaps": [
        0.004961091885898577,
        0.262988100545221,
        2.55351295663786e-15,
        4.996003610813204e-16,
        0.010334867659109737
      ],
      "K_counts": [
        1,
        1,
        1,
        3,
        2,
        1,
        2,
        2,
        1,
        1
      ],
      "K_mean": 1.5,
      "K_std": 0.6708203932499369,
      "K_mode": 1
    },
    {
      "graph": "barbell_6_w001",
      "n": 72,
      "k_eigengap": 8,
      "k_threshold": 10,
      "eigenvalues": [
        -9.179420462641379e-16,
        0.0005490266176559487,
        0.2679491924311225,
        0.2679491924311228,
        0.2679491924311231,
        0.2690521841982984
      ],
      "gaps": [
        0.0005490266176568667,
        0.26740016581346654,
        3.3306690738754696e-16,
        2.7755575615628914e-16,
        0.0011029917671753209
      ],
      "K_counts": [
        1,
        1,
        1,
        3,
        2,
        1,
        2,
        2,
        1,
        1
      ],
      "K_mean": 1.5,
      "K_std": 0.6708203932499369,
      "K_mode": 1
    },
    {
      "graph": "sbm_2x30",
      "n": 60,
      "k_eigengap": 2,
      "k_threshold": 2,
      "eigenvalues": [
        -8.170796127366999e-16,
        0.3264898899408947,
        4.650840967218408,
        4.9560109608703495,
        5.376995506074588,
        5.818232315687384
      ],
      "gaps": [
        0.3264898899408955,
        4.324351077277513,
        0.3051699936519414,
        0.4209845452042389,
        0.44123680961279543
      ],
      "K_counts": [
        1,
        1,
        1,
        1,
        1,
        1,
        1,
        1,
        1,
        1
      ],
      "K_mean": 1.0,
      "K_std": 0.0,
      "K_mode": 1
    },
    {
      "graph": "sbm_3x20",
      "n": 60,
      "k_eigengap": 3,
      "k_threshold": 5,
      "eigenvalues": [
        4.092863201127251e-17,
        0.14142251184882548,
        0.32311878616557227,
        1.4496718387674112,
        2.502312485845308,
        2.756345380789052
      ],
      "gaps": [
        0.14142251184882546,
        0.1816962743167468,
        1.126553052601839,
        1.0526406470778966,
        0.25403289494374404
      ],
      "K_counts": [
        1,
        1,
        1,
        1,
        1,
        1,
        1,
        1,
        1,
        1
      ],
      "K_mean": 1.0,
      "K_std": 0.0,
      "K_mode": 1
    },
    {
      "graph": "sbm_4x15",
      "n": 60,
      "k_eigengap": 4,
      "k_threshold": 9,
      "eigenvalues": [
        2.1464547566923346e-15,
        0.21949228157659315,
        0.26486915952782764,
        0.36501869872170034,
        1.836779106781069,
        2.173637443658359
      ],
      "gaps": [
        0.219492281576591,
        0.04537687795123449,
        0.1001495391938727,
        1.4717604080593687,
        0.33685833687729017
      ],
      "K_counts": [
        1,
        1,
        1,
        1,
        1,
        1,
        1,
        1,
        1,
        1
      ],
      "K_mean": 1.0,
      "K_std": 0.0,
      "K_mode": 1
    }
  ],
  "elapsed_seconds": 102.69706726074219
}