{
  "experiment": "exp65_formation_tracking",
  "results": [
    {
      "config": "20x20_c0.6",
      "grid_size": 20,
      "n": 400,
      "c_ref": 0.6,
      "c_half": 0.3,
      "lambda_rep": 0.05,
      "lambda_bar": 100.0,
      "n_restarts": 4,
      "max_iter": 1500,
      "base_energy": 14.73307722882133,
      "base_coms": [
        {
          "x": 3.2934162408462972,
          "y": 7.333221794596184
        },
        {
          "x": 14.950621448668834,
          "y": 11.482914870588125
        }
      ],
      "summary": {
        "elapsed_s": 99.37119913101196,
        "base_energy": 14.73307722882133,
        "energy_asymmetry_pos_minus_neg": 0.06005283212431323,
        "mean_center_offset_norm": 0.016423808573775702,
        "max_center_offset_norm": 0.019520232110099997,
        "mean_separation": 12.49806314837042,
        "min_separation": 12.460048545201266,
        "max_separation": 12.548129116697424,
        "mean_soft_overlap": 0.0,
        "max_soft_overlap": 0.0,
        "mean_lambda_coupling": 0.0,
        "max_lambda_coupling": 0.0,
        "swap_count": 0,
        "max_abs_delta_theta_mod_pi": 0.005589602245561043,
        "type_label": "Type A candidate (centered/stable)"
      },
      "rows": [
        {
          "config": "20x20_c0.6",
          "grid_size": 20,
          "n": 400,
          "c_ref": 0.6,
          "epsilon": -3.0,
          "mass1": 116.9999999999996,
          "mass2": 122.99999999999945,
          "x1": 3.2519459691726227,
          "y1": 7.251496981244773,
          "x2": 15.096742534091645,
          "y2": 11.393518065811127,
          "pair_mid_x": 9.174344251632133,
          "pair_mid_y": 9.32250752352795,
          "center_offset": 0.37088441009189993,
          "center_offset_norm": 0.019520232110099997,
          "d_c": 12.548129116697424,
          "theta": 0.33639968967310446,
          "theta_mod_pi": 0.3363996896731045,
          "delta_theta_mod_pi": -0.005589602245561043,
          "hard_overlap": 0.0,
          "soft_overlap": 0.0,
          "d_min": 3.0,
          "lambda_coupling": 0.0,
          "regime_lambda": "well-separated",
          "regime_geometric": "well-separated",
          "total_energy": 14.436966092754634,
          "swap_from_previous": false,
          "elapsed_s": 7.693820953369141
        },
        {
          "config": "20x20_c0.6",
          "grid_size": 20,
          "n": 400,
          "c_ref": 0.6,
          "epsilon": -2.0,
          "mass1": 117.99999999999909,
          "mass2": 122.00000000000018,
          "x1": 3.2741758303736637,
          "y1": 7.277088125408017,
          "x2": 15.097824641682825,
          "y2": 11.419543952079557,
          "pair_mid_x": 9.186000236028244,
          "pair_mid_y": 9.348316038743787,
          "center_offset": 0.34871747285832216,
          "center_offset_norm": 0.018353551203069588,
          "d_c": 12.528312395893453,
          "theta": 0.33698963762956785,
          "theta_mod_pi": 0.3369896376295678,
          "delta_theta_mod_pi": -0.004999654289097766,
          "hard_overlap": 0.0,
          "soft_overlap": 0.0,
          "d_min": 3.0,
          "lambda_coupling": 0.0,
          "regime_lambda": "well-separated",
          "regime_geometric": "well-separated",
          "total_energy": 14.46112583453693,
          "swap_from_previous": false,
          "elapsed_s": 7.342664003372192
        },
        {
          "config": "20x20_c0.6",
          "grid_size": 20,
          "n": 400,
          "c_ref": 0.6,
          "epsilon": -1.0,
          "mass1": 118.99999999999979,
          "mass2": 121.00000000000026,
          "x1": 3.2957055941885844,
          "y1": 7.2988698550301905,
          "x2": 15.098814909379232,
          "y2": 11.444798953630993,
          "pair_mid_x": 9.19726025178391,
          "pair_mid_y": 9.371834404330592,
          "center_offset": 0.3287518441974679,
          "center_offset_norm": 0.017302728641971993,
          "d_c": 12.510080639107212,
          "theta": 0.33779452856854697,
          "theta_mod_pi": 0.33779452856854686,
          "delta_theta_mod_pi": -0.004194763350118702,
          "hard_overlap": 0.0,
          "soft_overlap": 0.0,
          "d_min": 3.0,
          "lambda_coupling": 0.0,
          "regime_lambda": "well-separated",
          "regime_geometric": "well-separated",
          "total_energy": 14.48349975900748,
          "swap_from_previous": false,
          "elapsed_s": 6.227646112442017
        },
        {
          "config": "20x20_c0.6",
          "grid_size": 20,
          "n": 400,
          "c_ref": 0.6,
          "epsilon": -0.5,
          "mass1": 119.49999999999926,
          "mass2": 120.50000000000031,
          "x1": 3.3057138412898506,
          "y1": 7.307794135633892,
          "x2": 15.0999306789521,
          "y2": 11.455807722794457,
          "pair_mid_x": 9.202822260120975,
          "pair_mid_y": 9.381800929214174,
          "center_offset": 0.31982124603321493,
          "center_offset_norm": 0.01683269715964289,
          "d_c": 12.502382474275228,
          "theta": 0.33818755123253963,
          "theta_mod_pi": 0.33818755123253963,
          "delta_theta_mod_pi": -0.0038017406861259317,
          "hard_overlap": 0.0,
          "soft_overlap": 0.0,
          "d_min": 3.0,
          "lambda_coupling": 0.0,
          "regime_lambda": "well-separated",
          "regime_geometric": "well-separated",
          "total_energy": 14.493392111576258,
          "swap_from_previous": false,
          "elapsed_s": 7.171429872512817
        },
        {
          "config": "20x20_c0.6",
          "grid_size": 20,
          "n": 400,
          "c_ref": 0.6,
          "epsilon": 0.0,
          "mass1": 120.00000000000024,
          "mass2": 119.9999999999996,
          "x1": 3.316072550219407,
          "y1": 7.3149776108398274,
          "x2": 15.101016537389905,
          "y2": 11.466795569284402,
          "pair_mid_x": 9.208544543804656,
          "pair_mid_y": 9.390886590062115,
          "center_offset": 0.3112105704732874,
          "center_offset_norm": 0.016379503709120388,
          "d_c": 12.494898844760968,
          "theta": 0.3387210016558392,
          "theta_mod_pi": 0.33872100165583907,
          "delta_theta_mod_pi": -0.00326829026282649,
          "hard_overlap": 0.0,
          "soft_overlap": 0.0,
          "d_min": 3.0,
          "lambda_coupling": 0.0,
          "regime_lambda": "well-separated",
          "regime_geometric": "well-separated",
          "total_energy": 14.502512001255052,
          "swap_from_previous": false,
          "elapsed_s": 17.267274141311646
        },
        {
          "config": "20x20_c0.6",
          "grid_size": 20,
          "n": 400,
          "c_ref": 0.6,
          "epsilon": 0.5,
          "mass1": 120.49999999999913,
          "mass2": 119.50000000000047,
          "x1": 3.3269762502060454,
          "y1": 7.320419215990653,
          "x2": 15.102571602086527,
          "y2": 11.477490447796908,
          "pair_mid_x": 9.214773926146286,
          "pair_mid_y": 9.39895483189378,
          "center_offset": 0.3025955042686829,
          "center_offset_norm": 0.015926079172035944,
          "d_c": 12.487829559917143,
          "theta": 0.3393665229095554,
          "theta_mod_pi": 0.33936652290955527,
          "delta_theta_mod_pi": -0.002622769009110293,
          "hard_overlap": 0.0,
          "soft_overlap": 0.0,
          "d_min": 3.0,
          "lambda_coupling": 0.0,
          "regime_lambda": "well-separated",
          "regime_geometric": "well-separated",
          "total_energy": 14.51087499763262,
          "swap_from_previous": false,
          "elapsed_s": 11.675395727157593
        },
        {
          "config": "20x20_c0.6",
          "grid_size": 20,
          "n": 400,
          "c_ref": 0.6,
          "epsilon": 1.0,
          "mass1": 121.00000000000057,
          "mass2": 118.99999999999952,
          "x1": 3.3380649638527777,