{
  "experiment": "exp65_formation_tracking",
  "results": [
    {
      "config": "20x20_c0.6",
      "grid_size": 20,
      "n": 400,
      "c_ref": 0.6,
      "c_half": 0.3,
      "lambda_rep": 0.2,
      "lambda_bar": 100.0,
      "n_restarts": 4,
      "max_iter": 1500,
      "base_energy": 15.050856544570166,
      "base_coms": [
        {
          "x": 3.163969764556918,
          "y": 7.8993206225343515
        },
        {
          "x": 14.734652712371888,
          "y": 11.372234400329498
        }
      ],
      "summary": {
        "elapsed_s": 75.2408287525177,
        "base_energy": 15.050856544570166,
        "energy_asymmetry_pos_minus_neg": 0.06817343568291534,
        "mean_center_offset_norm": 0.02799495386159539,
        "max_center_offset_norm": 0.03127954390013534,
        "mean_separation": 12.418165313228613,
        "min_separation": 12.386309114057658,
        "max_separation": 12.456863408347617,
        "mean_soft_overlap": 0.0,
        "max_soft_overlap": 0.0,
        "mean_lambda_coupling": 0.0,
        "max_lambda_coupling": 0.0,
        "swap_count": 0,
        "max_abs_delta_theta_mod_pi": 0.0318460536840004,
        "type_label": "Type A candidate (centered/stable)"
      },
      "rows": [
        {
          "config": "20x20_c0.6",
          "grid_size": 20,
          "n": 400,
          "c_ref": 0.6,
          "epsilon": -3.0,
          "mass1": 116.99999999999943,
          "mass2": 123.00000000000061,
          "x1": 3.0207335549315686,
          "y1": 7.8507194520443875,
          "x2": 14.891187656146808,
          "y2": 11.627724271365134,
          "pair_mid_x": 8.955960605539188,
          "pair_mid_y": 9.73922186170476,
          "center_offset": 0.5943113341025715,
          "center_offset_norm": 0.03127954390013534,
          "d_c": 12.456863408347617,
          "theta": 0.3080560054741986,
          "theta_mod_pi": 0.30805600547419854,
          "delta_theta_mod_pi": 0.0164637195627384,
          "hard_overlap": 0.0,
          "soft_overlap": 0.0,
          "d_min": 5.0,
          "lambda_coupling": 0.0,
          "regime_lambda": "well-separated",
          "regime_geometric": "well-separated",
          "total_energy": 14.54451868896564,
          "swap_from_previous": false,
          "elapsed_s": 7.163532972335815
        },
        {
          "config": "20x20_c0.6",
          "grid_size": 20,
          "n": 400,
          "c_ref": 0.6,
          "epsilon": -2.0,
          "mass1": 117.99999999999935,
          "mass2": 122.00000000000067,
          "x1": 3.0903860943426222,
          "y1": 7.748532025416584,
          "x2": 14.89767713594064,
          "y2": 11.653103977171474,
          "pair_mid_x": 8.994031615141632,
          "pair_mid_y": 9.70081800129403,
          "center_offset": 0.544363735125619,
          "center_offset_norm": 0.028650722901348367,
          "d_c": 12.436149077082977,
          "theta": 0.31937111202519236,
          "theta_mod_pi": 0.3193711120251923,
          "delta_theta_mod_pi": 0.02777882611373217,
          "hard_overlap": 0.0,
          "soft_overlap": 0.0,
          "d_min": 4.0,
          "lambda_coupling": 0.0,
          "regime_lambda": "well-separated",
          "regime_geometric": "well-separated",
          "total_energy": 14.62070116534155,
          "swap_from_previous": false,
          "elapsed_s": 7.273709058761597
        },
        {
          "config": "20x20_c0.6",
          "grid_size": 20,
          "n": 400,
          "c_ref": 0.6,
          "epsilon": -1.0,
          "mass1": 118.99999999999996,
          "mass2": 120.99999999999935,
          "x1": 3.118916566309887,
          "y1": 7.742515004224376,
          "x2": 14.90563200493304,
          "y2": 11.67726872584429,
          "pair_mid_x": 9.012274285621464,
          "pair_mid_y": 9.709891865034333,
          "center_offset": 0.5309717200319091,
          "center_offset_norm": 0.027945880001679423,
          "d_c": 12.426139693439758,
          "theta": 0.3221970684494528,
          "theta_mod_pi": 0.32219706844945284,
          "delta_theta_mod_pi": 0.030604782537992703,
          "hard_overlap": 0.0,
          "soft_overlap": 0.0,
          "d_min": 4.0,
          "lambda_coupling": 0.0,
          "regime_lambda": "well-separated",
          "regime_geometric": "well-separated",
          "total_energy": 14.633930148305412,
          "swap_from_previous": false,
          "elapsed_s": 8.50485110282898
        },
        {
          "config": "20x20_c0.6",
          "grid_size": 20,
          "n": 400,
          "c_ref": 0.6,
          "epsilon": -0.5,
          "mass1": 119.50000000000011,
          "mass2": 120.50000000000078,
          "x1": 3.129858105476052,
          "y1": 7.748765459914891,
          "x2": 14.910268880088772,
          "y2": 11.688993217864757,
          "pair_mid_x": 9.020063492782413,
          "pair_mid_y": 9.718879338889824,
          "center_offset": 0.5274914368528306,
          "center_offset_norm": 0.027762707202780557,
          "d_c": 12.42189489583333,
          "theta": 0.3227757832206972,
          "theta_mod_pi": 0.3227757832206972,
          "delta_theta_mod_pi": 0.031183497309237085,
          "hard_overlap": 0.0,
          "soft_overlap": 0.0,
          "d_min": 4.0,
          "lambda_coupling": 0.0,
          "regime_lambda": "well-separated",
          "regime_geometric": "well-separated",
          "total_energy": 14.641328981085415,
          "swap_from_previous": false,
          "elapsed_s": 8.278252840042114
        },
        {
          "config": "20x20_c0.6",
          "grid_size": 20,
          "n": 400,
          "c_ref": 0.6,
          "epsilon": 0.0,
          "mass1": 119.99999999999986,
          "mass2": 120.00000000000014,
          "x1": 3.1407433535358837,
          "y1": 7.756882237689885,
          "x2": 14.915197870565992,
          "y2": 11.700465891250817,
          "pair_mid_x": 9.027970612050938,
          "pair_mid_y": 9.72867406447035,
          "center_offset": 0.5245031657187175,
          "center_offset_norm": 0.02760542977466934,
          "d_c": 12.417311754411408,
          "theta": 0.3231842386804689,
          "theta_mod_pi": 0.32318423868046886,
          "delta_theta_mod_pi": 0.031591952769008724,
          "hard_overlap": 0.0,
          "soft_overlap": 0.0,
          "d_min": 4.0,
          "lambda_coupling": 0.0,
          "regime_lambda": "well-separated",
          "regime_geometric": "well-separated",
          "total_energy": 14.649012547899233,
          "swap_from_previous": false,
          "elapsed_s": 7.0513739585876465
        },
        {
          "config": "20x20_c0.6",
          "grid_size": 20,
          "n": 400,
          "c_ref": 0.6,
          "epsilon": 0.5,
          "mass1": 120.50000000000023,
          "mass2": 119.50000000000048,
          "x1": 3.151382436768151,
          "y1": 7.766164843629638,
          "x2": 14.920904372577438,
          "y2": 11.710311375190447,
          "pair_mid_x": 9.036143404672794,
          "pair_mid_y": 9.738238109410043,
          "center_offset": 0.5214598141792125,
          "center_offset_norm": 0.02744525337785329,
          "d_c": 12.412813478817732,
          "theta": 0.3233534399360211,
          "theta_mod_pi": 0.32335343993602117,
          "delta_theta_mod_pi": 0.031761154024561034,
          "hard_overlap": 0.0,
          "soft_overlap": 0.0,
          "d_min": 4.0,
          "lambda_coupling": 0.0,
          "regime_lambda": "well-separated",
          "regime_geometric": "well-separated",
          "total_energy": 14.657003868965415,
          "swap_from_previous": false,
          "elapsed_s": 7.456270694732666
        },
        {
          "config": "20x20_c0.6",
          "grid_size": 20,
          "n": 400,
          "c_ref": 0.6,
          "epsilon": 1.0,
          "mass1": 120.99999999999972,
          "mass2": 119.00000000000085,
          "x1": 3.161972397382739,
          "y1": 7.7760554994377244,