{
  "experiment": "exp65_formation_tracking",
  "results": [
    {
      "config": "20x20_c0.6",
      "grid_size": 20,
      "n": 400,
      "c_ref": 0.6,
      "c_half": 0.3,
      "lambda_rep": 1.0,
      "lambda_bar": 100.0,
      "n_restarts": 4,
      "max_iter": 1500,
      "base_energy": 13.709385524236097,
      "base_coms": [
        {
          "x": 16.04580380191167,
          "y": 10.823266707741608
        },
        {
          "x": 3.2817242928065062,
          "y": 7.353214077109144
        }
      ],
      "summary": {
        "elapsed_s": 32.33741903305054,
        "base_energy": 13.709385524236097,
        "energy_asymmetry_pos_minus_neg": 0.08949747682525988,
        "mean_center_offset_norm": 0.023216885371527392,
        "max_center_offset_norm": 0.02423224206659636,
        "mean_separation": 13.37143369410322,
        "min_separation": 13.344782819632842,
        "max_separation": 13.386107818465353,
        "mean_soft_overlap": 0.0,
        "max_soft_overlap": 0.0,
        "mean_lambda_coupling": 0.0,
        "max_lambda_coupling": 0.0,
        "swap_count": 0,
        "max_abs_delta_theta_mod_pi": 0.012509402065617348,
        "type_label": "Type A candidate (centered/stable)"
      },
      "rows": [
        {
          "config": "20x20_c0.6",
          "grid_size": 20,
          "n": 400,
          "c_ref": 0.6,
          "epsilon": -3.0,
          "mass1": 117.00000000000007,
          "mass2": 123.00000000000082,
          "x1": 16.18427928687286,
          "y1": 10.844330414364219,
          "x2": 3.261974565661527,
          "y2": 7.404339138779791,
          "pair_mid_x": 9.723126926267195,
          "pair_mid_y": 9.124334776572006,
          "center_offset": 0.4369324722639083,
          "center_offset_norm": 0.02299644590862675,
          "d_c": 13.372340830383353,
          "theta": -2.8814206669355604,
          "theta_mod_pi": 0.2601719866542327,
          "delta_theta_mod_pi": -0.005273381876340633,
          "hard_overlap": 0.0,
          "soft_overlap": 0.0,
          "d_min": 5.0,
          "lambda_coupling": 0.0,
          "regime_lambda": "well-separated",
          "regime_geometric": "well-separated",
          "total_energy": 13.466438487378072,
          "swap_from_previous": false,
          "elapsed_s": 2.9962892532348633
        },
        {
          "config": "20x20_c0.6",
          "grid_size": 20,
          "n": 400,
          "c_ref": 0.6,
          "epsilon": -2.0,
          "mass1": 117.99999999999993,
          "mass2": 121.99999999999996,
          "x1": 16.164349878611002,
          "y1": 10.840782606620404,
          "x2": 3.2466285529076084,
          "y2": 7.374251117080951,
          "pair_mid_x": 9.705489215759306,
          "pair_mid_y": 9.107516861850678,
          "center_offset": 0.44302238264552046,
          "center_offset_norm": 0.02331696750765897,
          "d_c": 13.374765972401194,
          "theta": -2.879414941780893,
          "theta_mod_pi": 0.26217771180890015,
          "delta_theta_mod_pi": -0.0032676567216731733,
          "hard_overlap": 0.0,
          "soft_overlap": 0.0,
          "d_min": 6.0,
          "lambda_coupling": 0.0,
          "regime_lambda": "well-separated",
          "regime_geometric": "well-separated",
          "total_energy": 13.459055953169857,
          "swap_from_previous": false,
          "elapsed_s": 2.84028697013855
        },
        {
          "config": "20x20_c0.6",
          "grid_size": 20,
          "n": 400,
          "c_ref": 0.6,
          "epsilon": -1.0,
          "mass1": 119.00000000000024,
          "mass2": 120.99999999999983,
          "x1": 16.148645484436976,
          "y1": 10.834149865477777,
          "x2": 3.2318055107415087,
          "y2": 7.345095658097534,
          "pair_mid_x": 9.690225497589243,
          "pair_mid_y": 9.089622761787655,
          "center_offset": 0.45232202862105475,
          "center_offset_norm": 0.023806422559002883,
          "d_c": 13.379770333159492,
          "theta": -2.877772050311062,
          "theta_mod_pi": 0.2638206032787309,
          "delta_theta_mod_pi": -0.0016247652518424083,
          "hard_overlap": 0.0,
          "soft_overlap": 0.0,
          "d_min": 6.0,
          "lambda_coupling": 0.0,
          "regime_lambda": "well-separated",
          "regime_geometric": "well-separated",
          "total_energy": 13.457283399304124,
          "swap_from_previous": false,
          "elapsed_s": 3.0650241374969482
        },
        {
          "config": "20x20_c0.6",
          "grid_size": 20,
          "n": 400,
          "c_ref": 0.6,
          "epsilon": -0.5,
          "mass1": 119.4999999999992,
          "mass2": 120.49999999999962,
          "x1": 16.14222938740559,
          "y1": 10.822944349617018,
          "x2": 3.2228375780749685,
          "y2": 7.3348087856498,
          "pair_mid_x": 9.68253348274028,
          "pair_mid_y": 9.078876567633408,
          "center_offset": 0.45898084666957006,
          "center_offset_norm": 0.024156886666819477,
          "d_c": 13.381994411731458,
          "theta": -2.877888049716209,
          "theta_mod_pi": 0.2637046038735842,
          "delta_theta_mod_pi": -0.0017407646569891355,
          "hard_overlap": 0.0,
          "soft_overlap": 0.0,
          "d_min": 6.0,
          "lambda_coupling": 0.0,
          "regime_lambda": "well-separated",
          "regime_geometric": "well-separated",
          "total_energy": 13.45761021545999,
          "swap_from_previous": false,
          "elapsed_s": 2.873633861541748
        },
        {
          "config": "20x20_c0.6",
          "grid_size": 20,
          "n": 400,
          "c_ref": 0.6,
          "epsilon": 0.0,
          "mass1": 119.99999999999952,
          "mass2": 120.00000000000033,
          "x1": 16.133899385976893,
          "y1": 10.825293329620052,
          "x2": 3.214280944842361,
          "y2": 7.322245818798112,
          "pair_mid_x": 9.674090165409627,
          "pair_mid_y": 9.073769574209082,
          "center_offset": 0.46041259926533085,
          "center_offset_norm": 0.02423224206659636,
          "d_c": 13.386107818465353,
          "theta": -2.8768169852498464,
          "theta_mod_pi": 0.2647756683399467,
          "delta_theta_mod_pi": -0.0006697001906266209,
          "hard_overlap": 0.0,
          "soft_overlap": 0.0,
          "d_min": 5.0,
          "lambda_coupling": 0.0,
          "regime_lambda": "well-separated",
          "regime_geometric": "well-separated",
          "total_energy": 13.45964411402101,
          "swap_from_previous": false,
          "elapsed_s": 3.2541580200195312
        },
        {
          "config": "20x20_c0.6",
          "grid_size": 20,
          "n": 400,
          "c_ref": 0.6,
          "epsilon": 0.5,
          "mass1": 120.50000000000003,
          "mass2": 119.49999999999952,
          "x1": 16.11708686593923,
          "y1": 10.838906780608006,
          "x2": 3.204937734754393,
          "y2": 7.3113508631989355,
          "pair_mid_x": 9.66101230034681,
          "pair_mid_y": 9.075128821903471,
          "center_offset": 0.4543572150193104,
          "center_offset_norm": 0.023913537632595284,
          "d_c": 13.385336975078552,
          "theta": -2.8749037723958635,
          "theta_mod_pi": 0.26668888119392964,
          "delta_theta_mod_pi": 0.0012435126633563165,
          "hard_overlap": 0.0,
          "soft_overlap": 0.0,
          "d_min": 5.0,
          "lambda_coupling": 0.0,
          "regime_lambda": "well-separated",
          "regime_geometric": "well-separated",
          "total_energy": 13.475443347950641,
          "swap_from_previous": false,
          "elapsed_s": 3.2698099613189697
        },
        {
          "config": "20x20_c0.6",
          "grid_size": 20,
          "n": 400,
          "c_ref": 0.6,
          "epsilon": 1.0,
          "mass1": 121.0000000000002,
          "mass2": 118.99999999999994,
          "x1": 16.078307219158773,
          "y1": 10.873949494884082,