{
  "experiment": "exp65_formation_tracking",
  "results": [
    {
      "config": "20x20_c0.6",
      "grid_size": 20,
      "n": 400,
      "c_ref": 0.6,
      "c_half": 0.3,
      "lambda_rep": 1.0,
      "lambda_bar": 100.0,
      "n_restarts": 4,
      "max_iter": 1500,
      "base_energy": 15.247490660209909,
      "base_coms": [
        {
          "x": 2.819178003921944,
          "y": 9.362340883252466
        },
        {
          "x": 14.762102705458089,
          "y": 10.412037440424337
        }
      ],
      "summary": {
        "elapsed_s": 75.03275895118713,
        "base_energy": 15.247490660209909,
        "energy_asymmetry_pos_minus_neg": 0.057089447708939645,
        "mean_center_offset_norm": 0.04594445642868257,
        "max_center_offset_norm": 0.04654701828227351,
        "mean_separation": 12.161543794064178,
        "min_separation": 12.102109504515758,
        "max_separation": 12.229226344611865,
        "mean_soft_overlap": 0.0,
        "max_soft_overlap": 0.0,
        "mean_lambda_coupling": 0.0,
        "max_lambda_coupling": 0.0,
        "swap_count": 0,
        "max_abs_delta_theta_mod_pi": 0.015269250427561332,
        "type_label": "Type A candidate (centered/stable)"
      },
      "rows": [
        {
          "config": "20x20_c0.6",
          "grid_size": 20,
          "n": 400,
          "c_ref": 0.6,
          "epsilon": -3.0,
          "mass1": 116.99999999999959,
          "mass2": 122.99999999999922,
          "x1": 2.6882873362498922,
          "y1": 9.574946076228741,
          "x2": 14.884852469198263,
          "y2": 10.468129117658087,
          "pair_mid_x": 8.786569902724077,
          "pair_mid_y": 10.021537596943414,
          "center_offset": 0.8837329736547371,
          "center_offset_norm": 0.04651226177130195,
          "d_c": 12.229226344611865,
          "theta": 0.07310184822906052,
          "theta_mod_pi": 0.07310184822906063,
          "delta_theta_mod_pi": -0.014565622424294489,
          "hard_overlap": 0.0,
          "soft_overlap": 0.0,
          "d_min": 5.0,
          "lambda_coupling": 0.0,
          "regime_lambda": "well-separated",
          "regime_geometric": "well-separated",
          "total_energy": 14.89018336900129,
          "swap_from_previous": false,
          "elapsed_s": 7.142848014831543
        },
        {
          "config": "20x20_c0.6",
          "grid_size": 20,
          "n": 400,
          "c_ref": 0.6,
          "epsilon": -2.0,
          "mass1": 117.9999999999992,
          "mass2": 122.00000000000053,
          "x1": 2.707668808662896,
          "y1": 9.588387103728575,
          "x2": 14.881440895742088,
          "y2": 10.478381355327524,
          "pair_mid_x": 8.794554852202491,
          "pair_mid_y": 10.03338422952805,
          "center_offset": 0.8843933473631967,
          "center_offset_norm": 0.04654701828227351,
          "d_c": 12.20626136849558,
          "theta": 0.07297768709911064,
          "theta_mod_pi": 0.07297768709911057,
          "delta_theta_mod_pi": -0.014689783554244551,
          "hard_overlap": 0.0,
          "soft_overlap": 0.0,
          "d_min": 5.0,
          "lambda_coupling": 0.0,
          "regime_lambda": "well-separated",
          "regime_geometric": "well-separated",
          "total_energy": 14.893351344295583,
          "swap_from_previous": false,
          "elapsed_s": 7.30442214012146
        },
        {
          "config": "20x20_c0.6",
          "grid_size": 20,
          "n": 400,
          "c_ref": 0.6,
          "epsilon": -1.0,
          "mass1": 119.0000000000005,
          "mass2": 121.0000000000002,
          "x1": 2.723987412046316,
          "y1": 9.587675401838702,
          "x2": 14.876053814088497,
          "y2": 10.48195653450378,
          "pair_mid_x": 8.800020613067407,
          "pair_mid_y": 10.034815968171241,
          "center_offset": 0.8809082029028173,
          "center_offset_norm": 0.04636358962646407,
          "d_c": 12.184927434493941,
          "theta": 0.07345845286629206,
          "theta_mod_pi": 0.07345845286629205,
          "delta_theta_mod_pi": -0.014209017787063072,
          "hard_overlap": 0.0,
          "soft_overlap": 0.0,
          "d_min": 5.0,
          "lambda_coupling": 0.0,
          "regime_lambda": "well-separated",
          "regime_geometric": "well-separated",
          "total_energy": 14.90734001335143,
          "swap_from_previous": false,
          "elapsed_s": 8.54820203781128
        },
        {
          "config": "20x20_c0.6",
          "grid_size": 20,
          "n": 400,
          "c_ref": 0.6,
          "epsilon": -0.5,
          "mass1": 119.49999999999955,
          "mass2": 120.50000000000077,
          "x1": 2.7317503200735813,
          "y1": 9.587129709756256,
          "x2": 14.871924892658699,
          "y2": 10.480693035685634,
          "pair_mid_x": 8.80183760636614,
          "pair_mid_y": 10.033911372720945,
          "center_offset": 0.8789152870472358,
          "center_offset_norm": 0.046258699318275566,
          "d_c": 12.173014995073663,
          "theta": 0.07347134195376237,
          "theta_mod_pi": 0.07347134195376226,
          "delta_theta_mod_pi": -0.014196128699592858,
          "hard_overlap": 0.0,
          "soft_overlap": 0.0,
          "d_min": 5.0,
          "lambda_coupling": 0.0,
          "regime_lambda": "well-separated",
          "regime_geometric": "well-separated",
          "total_energy": 14.917050676726149,
          "swap_from_previous": false,
          "elapsed_s": 8.259274959564209
        },
        {
          "config": "20x20_c0.6",
          "grid_size": 20,
          "n": 400,
          "c_ref": 0.6,
          "epsilon": 0.0,
          "mass1": 119.99999999999929,
          "mass2": 119.99999999999943,
          "x1": 2.7393244895709103,
          "y1": 9.586626884206407,
          "x2": 14.867248703876433,
          "y2": 10.477984348236605,
          "pair_mid_x": 8.803286596723671,
          "pair_mid_y": 10.032305616221507,
          "center_offset": 0.8767889343313147,
          "center_offset_norm": 0.046146786017437616,
          "d_c": 12.160635833566458,
          "theta": 0.07336438453771352,
          "theta_mod_pi": 0.07336438453771343,
          "delta_theta_mod_pi": -0.014303086115641683,
          "hard_overlap": 0.0,
          "soft_overlap": 0.0,
          "d_min": 5.0,
          "lambda_coupling": 0.0,
          "regime_lambda": "well-separated",
          "regime_geometric": "well-separated",
          "total_energy": 14.927807954689682,
          "swap_from_previous": false,
          "elapsed_s": 7.014029026031494
        },
        {
          "config": "20x20_c0.6",
          "grid_size": 20,
          "n": 400,
          "c_ref": 0.6,
          "epsilon": 0.5,
          "mass1": 120.49999999999991,
          "mass2": 119.4999999999995,
          "x1": 2.7468878465375144,
          "y1": 9.586171067803466,
          "x2": 14.862846773767256,
          "y2": 10.475133756472964,
          "pair_mid_x": 8.804867310152385,
          "pair_mid_y": 10.030652412138215,
          "center_offset": 0.874529267093381,
          "center_offset_norm": 0.04602785616280952,
          "d_c": 12.14852729297525,
          "theta": 0.0732399830523576,
          "theta_mod_pi": 0.07323998305235757,
          "delta_theta_mod_pi": -0.014427487600997546,
          "hard_overlap": 0.0,
          "soft_overlap": 0.0,
          "d_min": 4.0,
          "lambda_coupling": 0.0,
          "regime_lambda": "well-separated",
          "regime_geometric": "well-separated",
          "total_energy": 14.93850705665552,
          "swap_from_previous": false,
          "elapsed_s": 7.441256046295166
        },
        {
          "config": "20x20_c0.6",
          "grid_size": 20,
          "n": 400,
          "c_ref": 0.6,
          "epsilon": 1.0,
          "mass1": 121.00000000000023,
          "mass2": 119.00000000000003,
          "x1": 2.7551968490755527,
          "y1": 9.58539389687263,