{
  "15x15_c0.5": {
    "grid_size": 15,
    "n": 225,
    "M": 112.5,
    "c_ref": 0.5,
    "lambda_cl": 0.5079653650884048,
    "lambda_sep": 0.20370097610906174,
    "lambda_bd": 0.046188604951328836,
    "masses": [
      49.5,
      50.68125,
      51.8625,
      53.04375,
      54.225,
      55.40625,
      56.5875,
      57.76875,
      58.95,
      60.13125,
      61.3125,
      62.49375,
      63.675,
      64.85625,
      66.0375,
      67.21875,
      68.4,
      69.58125,
      70.7625,
      71.94375,
      73.125
    ],
    "energies": [
      4.024629956309217,
      4.040269855618308,
      4.070982358628251,
      4.092117605701769,
      4.103660276725451,
      4.143215860232283,
      4.1509231443328085,
      4.149493821536905,
      4.1649665549317305,
      4.195136378521926,
      4.1585504261772535,
      4.202507692185858,
      4.2159333690366925,
      4.157011838647809,
      4.156440459934167,
      4.215280239312678,
      4.136186291893101,
      4.107300249459536,
      4.276636776562167,
      4.096651070613219,
      4.158027759036872
    ],
    "chemical_potentials": [
      0.012857332216225672,
      0.014440487018996062,
      0.009030760635448708,
      0.008926015007670403,
      0.010576203654861938,
      0.006714532522775925,
      0.006471425516342096,
      0.015902014463402146,
      -0.006078769944881389,
      0.023069789539770975,
      -0.0006908025509420522,
      0.010381251412170237,
      0.012716282416402977,
      -0.0003401560142073223,
      -0.0007027914932805891,
      -0.0006733202070343184,
      -0.030659303374023207,
      -0.01806861469039487,
      -0.0020384274348528514,
      0.009415909814752349,
      -0.00612037751279285
    ],
    "F_pp_fd": -0.006547888820262059,
    "F_pp_fit": -0.0058666533183096906,
    "dmu_dm": 0.003888881244709516
  },
  "15x15_c0.6": {
    "grid_size": 15,
    "n": 225,
    "M": 135.0,
    "c_ref": 0.6,
    "lambda_cl": 0.507982511546132,
    "lambda_sep": 0.10782989965496406,
    "lambda_bd": 0.04376298356033689,
    "masses": [
      49.5,
      51.4125,
      53.325,
      55.2375,
      57.15,
      59.0625,
      60.975,
      62.8875,
      64.8,
      66.7125,
      68.625,
      70.5375,
      72.45,
      74.3625,
      76.275,
      78.1875,
      80.1,
      82.0125,
      83.92500000000001,
      85.8375,
      87.75
    ],
    "energies": [
      3.566132491226405,
      3.590100733238155,
      3.598668394614665,
      3.626328225252794,
      3.6401160546746407,
      3.652879994933881,
      3.667820908058707,
      3.6658733436717257,
      3.6625619493921766,
      3.6926198779912953,
      3.633006412123113,
      3.6854486901480623,
      3.632209101414073,
      3.6461091347019816,
      3.6427030609535866,
      3.6393973264137824,
      3.6696999916841215,
      3.6657972390723184,
      3.597052871637012,
      3.600429774566688,
      3.62318765096697
    ],
    "chemical_potentials": [
      0.011433826821951158,
      0.014302554611745559,
      0.008037019435600595,
      0.010570614492605285,
      0.006020464253792759,
      0.0073580869551501645,
      0.008106809731506012,
      -0.0017517125123854124,
      -0.0017657299898622217,
      -0.0020658465716600527,
      -0.013731109873859912,
      -0.0018202653704683428,
      0.012783874943007712,
      -0.001956124269258388,
      -0.0016943569213565374,
      -0.0017028664759056126,
      -0.0022154170126038085,
      -0.0018817724256745285,
      -0.004210425067021488,
      0.007729045806273177,
      -0.0024114361620889077
    ],
    "F_pp_fd": -0.024516080336226504,
    "F_pp_fit": 0.0008528470790043737,
    "dmu_dm": -0.0031282038912412236
  },
  "15x15_c0.7": {
    "grid_size": 15,
    "n": 225,
    "M": 157.5,
    "c_ref": 0.7,
    "lambda_cl": 0.5079978944828627,
    "lambda_sep": 0.13123805148894646,
    "lambda_bd": 0.037806666475896034,
    "masses": [
      55.125,
      57.4875,
      59.85,
      62.2125,
      64.575,
      66.9375,
      69.3,
      71.6625,
      74.025,
      76.3875,
      78.75,
      81.1125,
      83.475,
      85.8375,
      88.19999999999999,
      90.5625,
      92.925,
      95.2875,
      97.65,
      100.01249999999999,
      102.375
    ],
    "energies": [
      3.6280470580142694,
      3.6409774259944014,
      3.6769568178040792,
      3.6862586191331346,
      3.645115367995352,
      3.712182118919225,
      3.674404641476083,
      3.606328036096383,
      3.629354551206977,
      3.625344708865617,
      3.6596441874447265,
      3.6101775671299077,
      3.6506540374480583,
      3.584019627987695,
      3.6054958667943646,
      3.6015157903795316,
      3.635672898386256,
      3.579572778247901,
      3.5524968173912117,
      3.5616935875367597,
      3.5816373567956736
    ],
    "chemical_potentials": [
      -0.010994475858759501,
      0.005637537233772741,
      0.028028947953474513,
      0.004886448729090649,
      -0.001666408869486516,
      0.006521155983147403,
      -0.0016712534240831464,
      0.011608830209958829,
      -0.0019476032100355903,
      -0.0017126655779148036,
      -0.002413738120115778,
      -0.021741885413826746,
      -0.001661834482966845,
      0.011700883008554342,
      -0.0018166361676804426,
      -0.0017052245904717069,
      -0.002322924406102075,
      -0.0186451107198733,
      -0.003972490621529088,
      0.011777605061876525,
      -0.0017932633427293454
    ],
    "F_pp_fd": -0.0150080634058717,
    "F_pp_fit": 0.00013326202322182527,
    "dmu_dm": -0.0042389883250607335
  },
  "20x20_c0.5": {
    "grid_size": 20,
    "n": 400,
    "M": 200.0,
    "c_ref": 0.5,
    "lambda_cl": 0.5100304840541402,
    "lambda_sep": 0.20190014548227928,
    "lambda_bd": 0.04586521958794917,
    "masses": [
      88.0,
      90.1,
      92.2,
      94.3,
      96.4,
      98.5,
      100.6,
      102.7,
      104.8,
      106.9,
      109.0,
      111.1,
      113.2,
      115.3,
      117.4,
      119.5,
      121.6,
      123.7,
      125.80000000000001,
      127.9,
      130.0
    ],
    "energies": [
      6.48475035066551,
      6.478525767027501,
      6.506284617010844,
      6.516039450300349,
      6.534801749744327,
      6.554687899441834,
      6.578745961179014,
      6.606374583140859,
      6.6440044543793,
      6.671999141576069,
      6.7712477164348295,
      6.5753970051538655,
      6.701058385132493,
      6.845076958635451,
      6.910523486730648,
      6.907177587109579,
      6.782779170840733,
      6.781028598554168,
      6.66170296504034,
      7.74524415585325,
      6.7196459136702
    ],
    "chemical_potentials": [
      0.007073614333410132,
      0.013018358123081216,
      0.015050501525157974,
      0.008320071411989633,
      0.009709037047106954,
      0.010031709088372604,
      0.01299475311240562,
      0.014799733487052645,
      0.019846800637766848,
      -0.00045047440177896483,
      0.04321107933029487,
      -0.019686229420690076,
      0.007102274255854837,
      -0.0008406463254043977,
      -0.0015261133712780076,
      -0.001541595643419631,
      -0.0010326069069377926,
      -0.0007650427642305734,
      -0.00046894760282088695,
      0.01573913133804211,
      -0.000539318241819197
    ],
    "F_pp_fd": 0.0008096508445951816,
    "F_pp_fit": 0.001265241441740461,
    "dmu_dm": 0.001135243904447632
  },
  "20x20_c0.6": {
    "grid_size": 20,
    "n": 400,
    "M": 240.0,
    "c_ref": 0.6,
    "lambda_cl": 0.5101306418555224,
    "lambda_sep": 0.10784621936098493,
    "lambda_bd": 0.043472565094989486,
    "masses": [
      88.0,
      91.4,
      94.8,
      98.2,
      101.6,
      105.0,
      108.4,
      111.8,
      115.2,
      118.6,
      122.0,
      125.4,
      128.8,
      132.2,
      135.6,
      139.0,
      142.4,
      145.8,
      149.2,
      152.6,
      156.0
    ],