{
  "experiment": "exp65_formation_tracking",
  "results": [
    {
      "config": "20x20_c0.6",
      "grid_size": 20,
      "n": 400,
      "c_ref": 0.6,
      "c_half": 0.3,
      "lambda_rep": 0.0,
      "lambda_bar": 100.0,
      "n_restarts": 4,
      "max_iter": 1500,
      "base_energy": 13.38071965799061,
      "base_coms": [
        {
          "x": 4.0111300926739055,
          "y": 6.0585556103017275
        },
        {
          "x": 14.6259684396616,
          "y": 5.817931402027006
        }
      ],
      "summary": {
        "elapsed_s": 99.38662886619568,
        "base_energy": 13.38071965799061,
        "energy_asymmetry_pos_minus_neg": -0.023777321493918535,
        "mean_center_offset_norm": 0.18765624029338074,
        "max_center_offset_norm": 0.18844323742972036,
        "mean_separation": 10.621559315357256,
        "min_separation": 10.60979862559456,
        "max_separation": 10.642554493611629,
        "mean_soft_overlap": 0.011680376673792365,
        "max_soft_overlap": 0.012258960631266623,
        "mean_lambda_coupling": 0.0,
        "max_lambda_coupling": 0.0,
        "swap_count": 0,
        "max_abs_delta_theta_mod_pi": 0.01779378015665878,
        "type_label": "Type B candidate (off-center/swap-prone)"
      },
      "rows": [
        {
          "config": "20x20_c0.6",
          "grid_size": 20,
          "n": 400,
          "c_ref": 0.6,
          "epsilon": -3.0,
          "mass1": 116.99999999999949,
          "mass2": 122.99999999999939,
          "x1": 3.9538485842580817,
          "y1": 5.958322365461046,
          "x2": 14.568129189019288,
          "y2": 5.896807618842208,
          "pair_mid_x": 9.260988886638685,
          "pair_mid_y": 5.927564992151627,
          "center_offset": 3.580421511164687,
          "center_offset_norm": 0.18844323742972036,
          "d_c": 10.614458856703976,
          "theta": -0.005795405286044233,
          "theta_mod_pi": -0.005795405286044275,
          "delta_theta_mod_pi": 0.0168693774195936,
          "hard_overlap": 10.0,
          "soft_overlap": 0.011639405020819319,
          "d_min": 0.0,
          "lambda_coupling": 0.0,
          "regime_lambda": "weakly-interacting",
          "regime_geometric": "weakly-interacting",
          "total_energy": 13.41283892768369,
          "swap_from_previous": false,
          "elapsed_s": 7.8523759841918945
        },
        {
          "config": "20x20_c0.6",
          "grid_size": 20,
          "n": 400,
          "c_ref": 0.6,
          "epsilon": -2.0,
          "mass1": 117.99999999999973,
          "mass2": 121.9999999999992,
          "x1": 3.9733389484682338,
          "y1": 5.996044740967115,
          "x2": 14.583417241646458,
          "y2": 5.876385600384523,
          "pair_mid_x": 9.278378095057345,
          "pair_mid_y": 5.936215170675819,
          "center_offset": 3.5706692059712832,
          "center_offset_norm": 0.1879299582090149,
          "d_c": 10.610753022160901,
          "theta": -0.011277397253429485,
          "theta_mod_pi": -0.011277397253429466,
          "delta_theta_mod_pi": 0.01138738545220841,
          "hard_overlap": 5.0,
          "soft_overlap": 0.01151713295950963,
          "d_min": 0.0,
          "lambda_coupling": 0.0,
          "regime_lambda": "weakly-interacting",
          "regime_geometric": "weakly-interacting",
          "total_energy": 13.398621649439086,
          "swap_from_previous": false,
          "elapsed_s": 7.215260982513428
        },
        {
          "config": "20x20_c0.6",
          "grid_size": 20,
          "n": 400,
          "c_ref": 0.6,
          "epsilon": -1.0,
          "mass1": 119.00000000000075,
          "mass2": 121.00000000000034,
          "x1": 3.991689552866649,
          "y1": 6.0303376239867985,
          "x2": 14.60001589913314,
          "y2": 5.853592024956754,
          "pair_mid_x": 9.295852725999895,
          "pair_mid_y": 5.941964824471777,
          "center_offset": 3.5638869819030212,
          "center_offset_norm": 0.18757299904752744,
          "d_c": 10.60979862559456,
          "theta": -0.016659484420762975,
          "theta_mod_pi": -0.016659484420763038,
          "delta_theta_mod_pi": 0.006005298284874838,
          "hard_overlap": 3.0,
          "soft_overlap": 0.011447317105998814,
          "d_min": 0.0,
          "lambda_coupling": 0.0,
          "regime_lambda": "weakly-interacting",
          "regime_geometric": "weakly-interacting",
          "total_energy": 13.387943540816872,
          "swap_from_previous": false,
          "elapsed_s": 6.198257923126221
        },
        {
          "config": "20x20_c0.6",
          "grid_size": 20,
          "n": 400,
          "c_ref": 0.6,
          "epsilon": -0.5,
          "mass1": 119.49999999999956,
          "mass2": 120.50000000000071,
          "x1": 4.000226710552688,
          "y1": 6.0461291333282965,
          "x2": 14.610071133482823,
          "y2": 5.8394573264779055,
          "pair_mid_x": 9.305148922017755,
          "pair_mid_y": 5.942793229903101,
          "center_offset": 3.562539395966598,
          "center_offset_norm": 0.1875020734719262,
          "d_c": 10.611857137868398,
          "theta": -0.01947678633469392,
          "theta_mod_pi": -0.019476786334693852,
          "delta_theta_mod_pi": 0.003187996370944024,
          "hard_overlap": 3.0,
          "soft_overlap": 0.01145518079210036,
          "d_min": 0.0,
          "lambda_coupling": 0.0,
          "regime_lambda": "weakly-interacting",
          "regime_geometric": "weakly-interacting",
          "total_energy": 13.384010139782056,
          "swap_from_previous": false,
          "elapsed_s": 7.178375959396362
        },
        {
          "config": "20x20_c0.6",
          "grid_size": 20,
          "n": 400,
          "c_ref": 0.6,
          "epsilon": 0.0,
          "mass1": 120.00000000000009,
          "mass2": 120.0000000000005,
          "x1": 4.009914671316952,
          "y1": 6.059558021261361,
          "x2": 14.622700575244156,
          "y2": 5.822864853670366,
          "pair_mid_x": 9.316307623280554,
          "pair_mid_y": 5.9412114374658636,
          "center_offset": 3.5635261921429207,
          "center_offset_norm": 0.1875540101127853,
          "d_c": 10.615425017312319,
          "theta": -0.02229894554499508,
          "theta_mod_pi": -0.02229894554499512,
          "delta_theta_mod_pi": 0.00036583716064275684,
          "hard_overlap": 3.0,
          "soft_overlap": 0.011518787063267298,
          "d_min": 0.0,
          "lambda_coupling": 0.0,
          "regime_lambda": "weakly-interacting",
          "regime_geometric": "weakly-interacting",
          "total_energy": 13.38059890959924,
          "swap_from_previous": false,
          "elapsed_s": 17.498135089874268
        },
        {
          "config": "20x20_c0.6",
          "grid_size": 20,
          "n": 400,
          "c_ref": 0.6,
          "epsilon": 0.5,
          "mass1": 120.49999999999945,
          "mass2": 119.4999999999992,
          "x1": 4.017031906140407,
          "y1": 6.074147669199069,
          "x2": 14.635383350826618,
          "y2": 5.804930602008755,
          "pair_mid_x": 9.326207628483512,
          "pair_mid_y": 5.939539135603912,
          "center_offset": 3.5646998969469315,
          "center_offset_norm": 0.1876157840498385,
          "d_c": 10.621763753357365,
          "theta": -0.0253485114501724,
          "theta_mod_pi": -0.025348511450172362,
          "delta_theta_mod_pi": -0.002683728744534486,
          "hard_overlap": 3.0,
          "soft_overlap": 0.011578514821571842,
          "d_min": 0.0,
          "lambda_coupling": 0.0,
          "regime_lambda": "weakly-interacting",
          "regime_geometric": "weakly-interacting",
          "total_energy": 13.377268759302101,
          "swap_from_previous": false,
          "elapsed_s": 11.550654888153076
        },
        {
          "config": "20x20_c0.6",
          "grid_size": 20,
          "n": 400,