{
  "experiment": "exp75_typeb_seeded_continuation",
  "config": "20x20:0.6",
  "distance_threshold": 5.0,
  "base": {
    "branch": "zero_seed_2",
    "E0": 20.050070246099672,
    "self1": 10.159156195783343,
    "self2": 9.890914050316331,
    "overlap": 3.4219181740256346,
    "simplex_penalty": 0.0,
    "center_offset_norm": 0.12236432903348911,
    "separation": 5.157879959792933,
    "branch_type": "Type B candidate",
    "regime_at_zero": "weakly-interacting",
    "tau0p1_count_min": 152,
    "tau0p1_count_max": 156,
    "tau0p1_components_min": 2,
    "tau0p1_components_max": 4,
    "tau0p1_largest_min": 99,
    "tau0p1_largest_max": 152,
    "tau0p1_overlap_nodes": 20,
    "tau0p2_count_min": 137,
    "tau0p2_count_max": 143,
    "tau0p2_components_min": 2,
    "tau0p2_components_max": 4,
    "tau0p2_largest_min": 88,
    "tau0p2_largest_max": 141,
    "tau0p2_overlap_nodes": 9,
    "source_lambda": 0.0,
    "init_index": 2
  },
  "rows": [
    {
      "branch": "target_lambda_0.05",
      "E0": 18.992502605652632,
      "self1": 9.447436561893463,
      "self2": 9.54506604375917,
      "overlap": 1.928690432414032,
      "simplex_penalty": 0.0,
      "center_offset_norm": 0.12299544964767906,
      "separation": 5.7229263048947265,
      "branch_type": "Type B candidate",
      "regime_at_zero": "weakly-interacting",
      "tau0p1_count_min": 150,
      "tau0p1_count_max": 151,
      "tau0p1_components_min": 1,
      "tau0p1_components_max": 4,
      "tau0p1_largest_min": 101,
      "tau0p1_largest_max": 150,
      "tau0p1_overlap_nodes": 12,
      "tau0p2_count_min": 136,
      "tau0p2_count_max": 137,
      "tau0p2_components_min": 1,
      "tau0p2_components_max": 4,
      "tau0p2_largest_min": 92,
      "tau0p2_largest_max": 137,
      "tau0p2_overlap_nodes": 2,
      "target_lambda": 0.05,
      "family_distance_from_base": 2.3344384506177938,
      "within_threshold": true
    },
    {
      "branch": "target_lambda_0.1",
      "E0": 19.012002438986762,
      "self1": 9.472799722406286,
      "self2": 9.539202716580476,
      "overlap": 1.208757402682648,
      "simplex_penalty": 0.0,
      "center_offset_norm": 0.12183919257288763,
      "separation": 5.755749943383425,
      "branch_type": "Type B candidate",
      "regime_at_zero": "weakly-interacting",
      "tau0p1_count_min": 150,
      "tau0p1_count_max": 152,
      "tau0p1_components_min": 1,
      "tau0p1_components_max": 4,
      "tau0p1_largest_min": 102,
      "tau0p1_largest_max": 150,
      "tau0p1_overlap_nodes": 12,
      "tau0p2_count_min": 135,
      "tau0p2_count_max": 137,
      "tau0p2_components_min": 1,
      "tau0p2_components_max": 4,
      "tau0p2_largest_min": 91,
      "tau0p2_largest_max": 137,
      "tau0p2_overlap_nodes": 2,
      "target_lambda": 0.1,
      "family_distance_from_base": 3.190994198909814,
      "within_threshold": true
    },
    {
      "branch": "target_lambda_0.2",
      "E0": 19.048174093751193,
      "self1": 9.509548089342626,
      "self2": 9.538626004408568,
      "overlap": 0.5127604776789677,
      "simplex_penalty": 0.0,
      "center_offset_norm": 0.12068916270899573,
      "separation": 5.796575484930247,
      "branch_type": "Type B candidate",
      "regime_at_zero": "weakly-interacting",
      "tau0p1_count_min": 147,
      "tau0p1_count_max": 147,
      "tau0p1_components_min": 1,
      "tau0p1_components_max": 4,
      "tau0p1_largest_min": 100,
      "tau0p1_largest_max": 147,
      "tau0p1_overlap_nodes": 4,
      "tau0p2_count_min": 135,
      "tau0p2_count_max": 136,
      "tau0p2_components_min": 1,
      "tau0p2_components_max": 4,
      "tau0p2_largest_min": 91,
      "tau0p2_largest_max": 136,
      "tau0p2_overlap_nodes": 0,
      "target_lambda": 0.2,
      "family_distance_from_base": 4.281577718440123,
      "within_threshold": true
    },
    {
      "branch": "target_lambda_0.5",
      "E0": 19.10858547461526,
      "self1": 9.562365640563879,
      "self2": 9.54621983405138,
      "overlap": 0.0705978015072708,
      "simplex_penalty": 0.0,
      "center_offset_norm": 0.11961043954707154,
      "separation": 5.810215782441935,
      "branch_type": "Mixed/ambiguous",
      "regime_at_zero": "weakly-interacting",
      "tau0p1_count_min": 144,
      "tau0p1_count_max": 148,
      "tau0p1_components_min": 1,
      "tau0p1_components_max": 4,
      "tau0p1_largest_min": 100,
      "tau0p1_largest_max": 144,
      "tau0p1_overlap_nodes": 0,
      "tau0p2_count_min": 135,
      "tau0p2_count_max": 139,
      "tau0p2_components_min": 1,
      "tau0p2_components_max": 4,
      "tau0p2_largest_min": 91,
      "tau0p2_largest_max": 139,
      "tau0p2_overlap_nodes": 0,
      "target_lambda": 0.5,
      "family_distance_from_base": 4.92268505014908,
      "within_threshold": true
    },
    {
      "branch": "target_lambda_1",
      "E0": 19.132465094242427,
      "self1": 9.577015935716929,
      "self2": 9.555449158525496,
      "overlap": 0.014810457007694663,
      "simplex_penalty": 0.0,
      "center_offset_norm": 0.11894559580681077,
      "separation": 5.794664692893458,
      "branch_type": "Mixed/ambiguous",
      "regime_at_zero": "weakly-interacting",
      "tau0p1_count_min": 144,
      "tau0p1_count_max": 146,
      "tau0p1_components_min": 1,
      "tau0p1_components_max": 4,
      "tau0p1_largest_min": 98,
      "tau0p1_largest_max": 144,
      "tau0p1_overlap_nodes": 0,
      "tau0p2_count_min": 136,
      "tau0p2_count_max": 139,
      "tau0p2_components_min": 1,
      "tau0p2_components_max": 4,
      "tau0p2_largest_min": 92,
      "tau0p2_largest_max": 139,
      "tau0p2_overlap_nodes": 0,
      "target_lambda": 1.0,
      "family_distance_from_base": 4.998794300082915,
      "within_threshold": true
    }
  ]
}