{
  "experiment": "exp_alpha_scan_v3",
  "round_ref": "Round 13 Cor 2.2 \u03b1-scan final (post-ansatz calibration)",
  "params": {
    "grid_size": 48,
    "n_inits": 24,
    "volume_fraction": 0.3,
    "k_soft_max": 0.55,
    "xi_min": 0.1,
    "xi_max": 0.25,
    "alphas": "0.5,1.0,2.0",
    "betas": "20.0,30.0,50.0,80.0",
    "output": "experiments/results/exp_alpha_scan_v3.json"
  },
  "predicted_C_edge": 3.451392295223203,
  "predicted_C_site": 2.440502896487329,
  "all_results": [
    {
      "alpha": 0.5,
      "beta": 50.0,
      "xi_0": 0.1,
      "grid_size": 48,
      "energy": 33.74537650177516,
      "converged": true,
      "time_sec": 55.7,
      "interface_size": 45,
      "edge_perimeter_mean": 9.0,
      "site_boundary_mean": 70.0,
      "k_soft": 1.4864003304038085,
      "ratio_edge": 5.0,
      "ratio_site": 0.6428571428571429,
      "predicted_ratio_edge": 0.34513922952232035,
      "predicted_ratio_site": 0.24405028964873293,
      "relative_error_edge": 13.486907231380508,
      "relative_error_site": 1.6341175164447526
    },
    {
      "alpha": 1.0,
      "beta": 80.0,
      "xi_0": 0.11180339887498948,
      "grid_size": 48,
      "energy": 35.724743826504685,
      "converged": true,
      "time_sec": 30.1,
      "interface_size": 21,
      "edge_perimeter_mean": 27.0,
      "site_boundary_mean": 65.0,
      "k_soft": 1.0196338108428613,
      "ratio_edge": 0.7777777777777778,
      "ratio_site": 0.3230769230769231,
      "predicted_ratio_edge": 0.3858773894569052,
      "predicted_ratio_site": 0.27285651879154005,
      "relative_error_edge": 1.015608581970673,
      "relative_error_site": 0.18405425865508088
    },
    {
      "alpha": 0.5,
      "beta": 30.0,
      "xi_0": 0.12909944487358055,
      "grid_size": 48,
      "energy": 32.64409641953146,
      "converged": true,
      "time_sec": 115.8,
      "interface_size": 32,
      "edge_perimeter_mean": 8.0,
      "site_boundary_mean": 55.0,
      "k_soft": 0.8474941555240199,
      "ratio_edge": 4.0,
      "ratio_site": 0.5818181818181818,
      "predicted_ratio_edge": 0.44557282935426856,
      "predicted_ratio_site": 0.3150675691488796,
      "relative_error_edge": 7.977208071230163,
      "relative_error_site": 0.8466457318660235
    },
    {
      "alpha": 1.0,
      "beta": 50.0,
      "xi_0": 0.1414213562373095,
      "grid_size": 48,
      "energy": 35.26714320173347,
      "converged": true,
      "time_sec": 34.1,
      "interface_size": 33,
      "edge_perimeter_mean": 17.0,
      "site_boundary_mean": 56.0,
      "k_soft": 0.574342635172539,
      "ratio_edge": 1.9411764705882353,
      "ratio_site": 0.5892857142857143,
      "predicted_ratio_edge": 0.48810057929746586,
      "predicted_ratio_site": 0.3451392295223203,
      "relative_error_edge": 2.9770009562009005,
      "relative_error_site": 0.7073854951269889
    },
    {
      "alpha": 0.5,
      "beta": 20.0,
      "xi_0": 0.15811388300841897,
      "grid_size": 48,
      "energy": 30.86212799538815,
      "converged": true,
      "time_sec": 446.1,
      "interface_size": 55,
      "edge_perimeter_mean": 57.0,
      "site_boundary_mean": 49.0,
      "k_soft": 1.140051930131663,
      "ratio_edge": 0.9649122807017544,
      "ratio_site": 1.1224489795918366,
      "predicted_ratio_edge": 0.5457130375830801,
      "predicted_ratio_site": 0.3858773894569052,
      "relative_error_edge": 0.7681679092280342,
      "relative_error_site": 1.9088228806865395
    },
    {
      "alpha": 2.0,
      "beta": 80.0,
      "xi_0": 0.15811388300841897,
      "grid_size": 48,
      "energy": 44.95180828626489,
      "converged": true,
      "time_sec": 34.9,
      "interface_size": 21,
      "edge_perimeter_mean": 24.0,
      "site_boundary_mean": 65.0,
      "k_soft": 0.5038750412870091,
      "ratio_edge": 0.875,
      "ratio_site": 0.3230769230769231,
      "predicted_ratio_edge": 0.5457130375830801,
      "predicted_ratio_site": 0.3858773894569052,
      "relative_error_edge": 0.603406808595422,
      "relative_error_site": -0.16274720441218196
    },
    {
      "alpha": 1.0,
      "beta": 30.0,
      "xi_0": 0.18257418583505536,
      "grid_size": 48,
      "energy": 36.60697795941053,
      "converged": true,
      "time_sec": 41.6,
      "interface_size": 38,
      "edge_perimeter_mean": 16.0,
      "site_boundary_mean": 51.0,
      "k_soft": 0.6612612449470467,
      "ratio_edge": 2.375,
      "ratio_site": 0.7450980392156863,
      "predicted_ratio_edge": 0.6301351382977594,
      "predicted_ratio_site": 0.4455728293542685,
      "relative_error_edge": 2.769032792578114,
      "relative_error_site": 0.6722250328762072
    },
    {
      "alpha": 2.0,
      "beta": 50.0,
      "xi_0": 0.2,
      "grid_size": 48,
      "energy": 44.61502065721318,
      "converged": true,
      "time_sec": 47.7,
      "interface_size": 28,
      "edge_perimeter_mean": 35.0,
      "site_boundary_mean": 60.0,
      "k_soft": 1.0011413903254416,
      "ratio_edge": 0.8,
      "ratio_site": 0.4666666666666667,
      "predicted_ratio_edge": 0.6902784590446407,
      "predicted_ratio_site": 0.48810057929746586,
      "relative_error_edge": 0.1589525785104408,
      "relative_error_site": -0.043912901438571336
    },
    {
      "alpha": 1.0,
      "beta": 20.0,
      "xi_0": 0.22360679774997896,
      "grid_size": 48,
      "energy": 33.3030986160909,
      "converged": true,
      "time_sec": 317.5,
      "interface_size": 55,
      "edge_perimeter_mean": 11.0,
      "site_boundary_mean": 49.0,
      "k_soft": 0.7712962490859933,
      "ratio_edge": 5.0,
      "ratio_site": 1.1224489795918366,
      "predicted_ratio_edge": 0.7717547789138104,
      "predicted_ratio_site": 0.5457130375830801,
      "relative_error_edge": 5.47874187062002,
      "relative_error_site": 1.0568483842040397
    }
  ],
  "filtered_results": [
    {
      "alpha": 2.0,
      "beta": 80.0,
      "xi_0": 0.15811388300841897,
      "grid_size": 48,
      "energy": 44.95180828626489,
      "converged": true,
      "time_sec": 34.9,
      "interface_size": 21,
      "edge_perimeter_mean": 24.0,
      "site_boundary_mean": 65.0,
      "k_soft": 0.5038750412870091,
      "ratio_edge": 0.875,
      "ratio_site": 0.3230769230769231,
      "predicted_ratio_edge": 0.5457130375830801,
      "predicted_ratio_site": 0.3858773894569052,
      "relative_error_edge": 0.603406808595422,
      "relative_error_site": -0.16274720441218196
    }
  ],
  "total_time_sec": 1123.9
}