{
  "experiment": "exp_alpha_scan_v2",
  "round_ref": "Round 13 Cor 2.2 v2 (v1 fixes)",
  "params": {
    "grid_size": 32,
    "n_inits": 16,
    "volume_fraction": 0.3,
    "output": "experiments/results/exp_alpha_scan_v2.json",
    "alphas": "0.1,0.2,0.5,1.0,2.0",
    "betas": "30.0,50.0,100.0,200.0",
    "k_soft_max": 1.3,
    "xi_max": 0.25
  },
  "results": [
    {
      "grid_size": 32,
      "n": 1024,
      "alpha": 0.1,
      "beta": 30.0,
      "xi_0": 0.05773502691896258,
      "alpha_over_beta": 0.0033333333333333335,
      "energy": 13.248332494243147,
      "converged": true,
      "n_iter": 2450,
      "time_sec": 138.58,
      "ratio_edge": 6.5,
      "ratio_site": 0.8125,
      "k_soft": 1.0121404789225947,
      "interface_size": 26,
      "edge_perimeter_mean": 4.0,
      "edge_perimeter_values": [
        4,
        4,
        4
      ],
      "site_boundary_mean": 32.0,
      "site_boundary_values": [
        32,
        32,
        32
      ],
      "u_max": 1.0,
      "u_min": 0.0
    },
    {
      "grid_size": 32,
      "n": 1024,
      "alpha": 0.2,
      "beta": 30.0,
      "xi_0": 0.08164965809277261,
      "alpha_over_beta": 0.006666666666666667,
      "energy": 14.057255585671074,
      "converged": true,
      "n_iter": 1536,
      "time_sec": 115.54,
      "ratio_edge": 0.7878787878787878,
      "ratio_site": 0.8125,
      "k_soft": 0.9533339674544625,
      "interface_size": 26,
      "edge_perimeter_mean": 33.0,
      "edge_perimeter_values": [
        33,
        33,
        33
      ],
      "site_boundary_mean": 32.0,
      "site_boundary_values": [
        32,
        32,
        32
      ],
      "u_max": 1.0,
      "u_min": 0.0
    },
    {
      "grid_size": 32,
      "n": 1024,
      "alpha": 0.5,
      "beta": 30.0,
      "xi_0": 0.12909944487358055,
      "alpha_over_beta": 0.016666666666666666,
      "energy": 16.07443938293443,
      "converged": true,
      "n_iter": 495,
      "time_sec": 31.54,
      "ratio_edge": 30.0,
      "ratio_site": 0.9090909090909091,
      "k_soft": 0.8466242968158159,
      "interface_size": 30,
      "edge_perimeter_mean": 1.0,
      "edge_perimeter_values": [
        1,
        1,
        1
      ],
      "site_boundary_mean": 33.0,
      "site_boundary_values": [
        33,
        33,
        33
      ],
      "u_max": 1.0,
      "u_min": 0.0
    },
    {
      "grid_size": 32,
      "n": 1024,
      "alpha": 1.0,
      "beta": 30.0,
      "xi_0": 0.18257418583505536,
      "alpha_over_beta": 0.03333333333333333,
      "energy": 18.044190639982137,
      "converged": true,
      "n_iter": 216,
      "time_sec": 11.2,
      "ratio_edge": 0.6666666666666666,
      "ratio_site": 0.6875,
      "k_soft": 0.623558341281851,
      "interface_size": 22,
      "edge_perimeter_mean": 33.0,
      "edge_perimeter_values": [
        33,
        33,
        33
      ],
      "site_boundary_mean": 32.0,
      "site_boundary_values": [
        32,
        32,
        32
      ],
      "u_max": 1.0,
      "u_min": 0.0
    },
    {
      "grid_size": 32,
      "n": 1024,
      "alpha": 0.1,
      "beta": 50.0,
      "xi_0": 0.044721359549995794,
      "alpha_over_beta": 0.002,
      "energy": 13.207434061551355,
      "converged": true,
      "n_iter": 2496,
      "time_sec": 147.08,
      "ratio_edge": 4.0,
      "ratio_site": 0.72,
      "k_soft": 1.0300249089372238,
      "interface_size": 24,
      "edge_perimeter_mean": 6.0,
      "edge_perimeter_values": [
        6,
        6,
        6
      ],
      "site_boundary_mean": 33.333333333333336,
      "site_boundary_values": [
        34,
        33,
        33
      ],
      "u_max": 1.0,
      "u_min": 0.0
    },
    {
      "grid_size": 32,
      "n": 1024,
      "alpha": 0.2,
      "beta": 50.0,
      "xi_0": 0.06324555320336758,
      "alpha_over_beta": 0.004,
      "energy": 13.757260287115738,
      "converged": true,
      "n_iter": 2170,
      "time_sec": 117.95,
      "ratio_edge": 3.5,
      "ratio_site": 0.3888888888888889,
      "k_soft": 0.8423503888817979,
      "interface_size": 14,
      "edge_perimeter_mean": 4.0,
      "edge_perimeter_values": [
        4,
        4,
        4
      ],
      "site_boundary_mean": 36.0,
      "site_boundary_values": [
        36,
        36,
        36
      ],
      "u_max": 1.0,
      "u_min": 0.0
    },
    {
      "grid_size": 32,
      "n": 1024,
      "alpha": 0.5,
      "beta": 50.0,
      "xi_0": 0.1,
      "alpha_over_beta": 0.01,
      "energy": 15.319364658413079,
      "converged": true,
      "n_iter": 331,
      "time_sec": 17.53,
      "ratio_edge": 1.8181818181818181,
      "ratio_site": 0.5714285714285714,
      "k_soft": 0.7891893820468493,
      "interface_size": 20,
      "edge_perimeter_mean": 11.0,
      "edge_perimeter_values": [
        11,
        11,
        11
      ],
      "site_boundary_mean": 35.0,
      "site_boundary_values": [
        35,
        35,
        35
      ],
      "u_max": 1.0,
      "u_min": 0.0
    },
    {
      "grid_size": 32,
      "n": 1024,
      "alpha": 1.0,
      "beta": 50.0,
      "xi_0": 0.1414213562373095,
      "alpha_over_beta": 0.02,
      "energy": 19.7030431353155,
      "converged": true,
      "n_iter": 194,
      "time_sec": 8.43,
      "ratio_edge": 0.6666666666666666,
      "ratio_site": 0.8372093023255814,
      "k_soft": 1.68079990257891,
      "interface_size": 36,
      "edge_perimeter_mean": 54.0,
      "edge_perimeter_values": [
        54,
        54,
        54
      ],
      "site_boundary_mean": 43.0,
      "site_boundary_values": [
        43,
        43,
        43
      ],
      "u_max": 1.0,
      "u_min": 0.0
    },
    {
      "grid_size": 32,
      "n": 1024,
      "alpha": 2.0,
      "beta": 50.0,
      "xi_0": 0.2,
      "alpha_over_beta": 0.04,
      "energy": 24.117938957405475,
      "converged": false,
      "n_iter": 306,
      "time_sec": 12.35,
      "ratio_edge": 0.6153846153846154,
      "ratio_site": 0.5,
      "k_soft": 1.0008318444817443,
      "interface_size": 16,
      "edge_perimeter_mean": 26.0,
      "edge_perimeter_values": [
        26,
        26,
        26
      ],
      "site_boundary_mean": 32.0,
      "site_boundary_values": [
        32,
        32,
        32
      ],
      "u_max": 1.0,
      "u_min": 0.010067840711608472
    },
    {
      "grid_size": 32,
      "n": 1024,
      "alpha": 0.1,
      "beta": 100.0,
      "xi_0": 0.03162277660168379,
      "alpha_over_beta": 0.001,
      "energy": 14.156553989583545,
      "converged": false,
      "n_iter": 5000,
      "time_sec": 151.8,
      "ratio_edge": 5.333333333333333,
      "ratio_site": 0.6575342465753425,
      "k_soft": 1.73836465406817,
      "interface_size": 32,
      "edge_perimeter_mean": 6.0,
      "edge_perimeter_values": [
        6,
        6,
        6
      ],
      "site_boundary_mean": 48.666666666666664,
      "site_boundary_values": [
        49,
        49,
        48
      ],
      "u_max": 1.0,
      "u_min": 0.0
    },
    {
      "grid_size": 32,
      "n": 1024,
      "alpha": 0.2,
      "beta": 100.0,
      "xi_0": 0.044721359549995794,
      "alpha_over_beta": 0.002,
      "energy": 13.804650834873131,
      "converged": true,
      "n_iter": 3236,
      "time_sec": 114.49,
      "ratio_edge": 0.4444444444444444,
      "ratio_site": 0.5405405405405406,
      "k_soft": 0.9907979954611342,
      "interface_size": 20,
      "edge_perimeter_mean": 45.0,
      "edge_perimeter_values": [
        45,
        45,
        45
      ],
      "site_boundary_mean": 37.0,
      "site_boundary_values": [
        37,
        37,
        37
      ],
      "u_max": 1.0,
      "u_min": 0.0
    },
    {
      "grid_size": 32,
      "n": 1024,
      "alpha": 0.5,
      "beta": 100.0,
      "xi_0": 0.07071067811865475,
      "alpha_over_beta": 0.005,
      "energy": 15.766315648443747,
      "converged": true,
      "n_iter": 298,
      "time_sec": 15.19,
      "ratio_edge": 1.2916666666666667,