{
  "beta": 30.0,
  "alpha": 1.0,
  "c": 0.5,
  "L_list": [
    8,
    12,
    16
  ],
  "xi_0": 0.18257418583505536,
  "results": [
    {
      "L": 12,
      "F": 1,
      "energy": 61.592480282158434,
      "com": [
        5.170960350283969,
        4.308795764897846
      ],
      "r_0": 4.787307364817192,
      "xi_0": 0.18257418583505536,
      "eigs": [
        5.684341886080802e-14,
        24.0976946160627,
        24.2906151716675,
        24.378674328645854,
        24.746086650304992,
        25.281152077103776,
        25.423763365935443,
        25.542636476415545,
        27.18054211252057
      ],
      "lam_tangent": 5.684341886080802e-14,
      "lam_0": 24.0976946160627,
      "lam_1": 24.2906151716675,
      "lam_2": 24.378674328645854,
      "ratio_01": 0.9920578151585958,
      "ratio_02": 0.9884743645698162,
      "runtime_sec": 2.143033981323242
    },
    {
      "L": 16,
      "F": 1,
      "energy": 83.7435850933864,
      "com": [
        8.082892399993009,
        5.754287853546538
      ],
      "r_0": 6.383076486422923,
      "xi_0": 0.18257418583505536,
      "eigs": [
        5.684341886080802e-14,
        23.495078543733896,
        24.923798970869562,
        25.201970835725174,
        25.264004404131366,
        25.49310088233423,
        25.722205972119067,
        25.77728189541317,
        25.97437759559866
      ],
      "lam_tangent": 5.684341886080802e-14,
      "lam_0": 23.495078543733896,
      "lam_1": 24.923798970869562,
      "lam_2": 25.201970835725174,
      "ratio_01": 0.9426764584000407,
      "ratio_02": 0.9322714757858673,
      "runtime_sec": 1.9682574272155762
    }
  ]
}