{
  "L": 16,
  "c": 0.5,
  "alpha": 1.0,
  "zetas": [
    0.18,
    0.3,
    0.5,
    0.8,
    1.0,
    1.3,
    1.8
  ],
  "betas": [
    30.8641975308642,
    11.11111111111111,
    4.0,
    1.5624999999999998,
    1.0,
    0.5917159763313609,
    0.30864197530864196
  ],
  "results_torus": [
    {
      "zeta": 0.18,
      "beta": 30.8641975308642,
      "xi_0": 0.18,
      "r_0": 6.383076486422923,
      "F": 1,
      "energy": 82.10008104518812,
      "eigs": [
        7.105427357601002e-14,
        24.84402584282443,
        24.874680970829044,
        24.91774822777923,
        25.17854823686974,
        25.1818613508578,
        25.310762036762842
      ],
      "lam_tangent": 7.105427357601002e-14,
      "lam_0": 24.84402584282443,
      "lam_1": 24.874680970829044,
      "lam_2": 24.91774822777923,
      "ratio_01": 0.9987676172393702,
      "ratio_02": 0.9970413705010225,
      "lam0_over_beta": 0.8049464373075115,
      "runtime_sec": 1.376929759979248
    },
    {
      "zeta": 0.5,
      "beta": 4.0,
      "xi_0": 0.5,
      "r_0": 6.383076486422923,
      "F": 1,
      "energy": 29.589076879167166,
      "eigs": [
        -1.8166891602167112e-14,
        0.14736108026358324,
        0.7497575050749345,
        0.7497575050763751,
        0.7563248201820006,
        0.7563248201834462,
        2.483939515673097
      ],
      "lam_tangent": -1.8166891602167112e-14,
      "lam_0": 0.14736108026358324,
      "lam_1": 0.7497575050749345,
      "lam_2": 0.7497575050763751,
      "ratio_01": 0.19654498856781064,
      "ratio_02": 0.19654498856743302,
      "lam0_over_beta": 0.03684027006589581,
      "runtime_sec": 4.8206329345703125
    },
    {
      "zeta": 0.8,
      "beta": 1.5624999999999998,
      "xi_0": 0.8,
      "r_0": 6.383076486422923,
      "F": 1,
      "energy": 18.520885212160138,
      "eigs": [
        1.949774976889307e-15,
        0.000155317153961071,
        0.4835035376651663,
        0.4835035453119329,
        0.6091190554721838,
        0.6091190562058865,
        1.7857921686522058
      ],
      "lam_tangent": 1.949774976889307e-15,
      "lam_0": 0.000155317153961071,
      "lam_1": 0.4835035376651663,
      "lam_2": 0.4835035453119329,
      "ratio_01": 0.0003212327146789783,
      "ratio_02": 0.00032123270959857794,
      "lam0_over_beta": 9.940297853508546e-05,
      "runtime_sec": 2.9156012535095215
    },
    {
      "zeta": 1.0,
      "beta": 1.0,
      "xi_0": 1.0,
      "r_0": 6.383076486422923,
      "F": 1,
      "energy": 14.337682888490281,
      "eigs": [
        3.739480314384456e-15,
        4.7025289000613953e-07,
        0.293841411832534,
        0.29384145391252253,
        0.6089642069507565,
        0.6089642095335419,
        0.7599032991142438
      ],
      "lam_tangent": 3.739480314384456e-15,
      "lam_0": 4.7025289000613953e-07,
      "lam_1": 0.293841411832534,
      "lam_2": 0.29384145391252253,
      "ratio_01": 1.600362886474783e-06,
      "ratio_02": 1.6003626572925113e-06,
      "lam0_over_beta": 4.7025289000613953e-07,
      "runtime_sec": 4.88240647315979
    }
  ],
  "results_free_bc": [
    {
      "zeta": 0.18,
      "beta": 30.8641975308642,
      "xi_0": 0.18,
      "r_0": 6.383076486422923,
      "F": 1,
      "energy": 83.70193044919361,
      "eigs": [
        4.263256414560601e-14,
        26.79406760581087,
        26.795667979758672,
        26.807712924155766,
        27.062088096879442,
        27.078127194979317,
        27.079622044033812
      ],
      "lam_tangent": 4.263256414560601e-14,
      "lam_0": 26.79406760581087,
      "lam_1": 26.795667979758672,
      "lam_2": 26.807712924155766,
      "ratio_01": 0.9999402749000692,
      "ratio_02": 0.9994909928204804,
      "lam0_over_beta": 0.8681277904282722,
      "runtime_sec": 0.4405994415283203
    },
    {
      "zeta": 0.8,
      "beta": 1.5624999999999998,
      "xi_0": 0.8,
      "r_0": 6.383076486422923,
      "F": 1,
      "energy": 9.364897307957815,
      "eigs": [
        5.906431688943899e-15,
        0.15376888066568575,
        0.609014857233513,
        1.2896899132359034,
        1.348294203804618,
        2.302792420811779,
        2.3431968309355518
      ],
      "lam_tangent": 5.906431688943899e-15,
      "lam_0": 0.15376888066568575,
      "lam_1": 0.609014857233513,
      "lam_2": 1.2896899132359034,
      "ratio_01": 0.25248789719874853,
      "ratio_02": 0.11922934271841447,
      "lam0_over_beta": 0.0984120836260389,
      "runtime_sec": 15.310362339019775
    },
    {
      "zeta": 1.0,
      "beta": 1.0,
      "xi_0": 1.0,
      "r_0": 6.383076486422923,
      "F": 1,
      "energy": 7.509253486976196,
      "eigs": [
        1.3425629378297045e-14,
        0.15245898827011287,
        0.6077049628805931,
        1.040566095764844,
        1.346984302999906,
        1.4496698606967948,
        1.6033873681253037
      ],
      "lam_tangent": 1.3425629378297045e-14,
      "lam_0": 0.15245898827011287,
      "lam_1": 0.6077049628805931,
      "lam_2": 1.040566095764844,
      "ratio_01": 0.250876654927153,
      "ratio_02": 0.1465154293327724,
      "lam0_over_beta": 0.15245898827011287,
      "runtime_sec": 8.043529510498047
    },
    {
      "zeta": 1.3,
      "beta": 0.5917159763313609,
      "xi_0": 1.3,
      "r_0": 6.383076486422923,
      "F": 1,
      "energy": 5.775293290455982,
      "eigs": [
        4.4673222886402775e-14,
        0.1441288255339134,
        0.5993747928597073,
        0.7938313720930894,
        0.8073158520700745,
        0.947549855237703,
        1.3383849390234062
      ],
      "lam_tangent": 4.4673222886402775e-14,
      "lam_0": 0.1441288255339134,
      "lam_1": 0.5993747928597073,
      "lam_2": 0.7938313720930894,
      "ratio_01": 0.24046527690337643,
      "ratio_02": 0.18156100980727174,
      "lam0_over_beta": 0.2435777151523137,
      "runtime_sec": 7.3286213874816895
    },
    {
      "zeta": 1.8,
      "beta": 0.30864197530864196,
      "xi_0": 1.8,
      "r_0": 6.383076486422923,
      "F": 1,
      "energy": 4.08640028428592,
      "eigs": [
        5.202643862801231e-15,
        0.09946267608875817,
        0.29761807315059013,
        0.4513356315011888,
        0.5547088396268238,
        0.5975260580820533,
        0.8189654499531299
      ],
      "lam_tangent": 5.202643862801231e-15,
      "lam_0": 0.09946267608875817,
      "lam_1": 0.29761807315059013,
      "lam_2": 0.4513356315011888,
      "ratio_01": 0.3341956858864266,
      "ratio_02": 0.22037408337988973,
      "lam0_over_beta": 0.32225907052757646,
      "runtime_sec": 11.07620358467102
    }
  ]
}