{
  "meta": {
    "Ls": [
      16,
      20,
      24
    ],
    "cs": [
      0.1,
      0.15
    ],
    "beta": 4.0,
    "lambda_rep": 0.1,
    "seeds": [
      0,
      1,
      2
    ],
    "elapsed_s": 19.71065592765808,
    "description": "F5: \u03c3_multi^(A) parameter grid (L, c) sweep"
  },
  "results": [
    {
      "L": 16,
      "c": 0.1,
      "seed": 0,
      "d_min": 5,
      "lambda_rep": 0.1,
      "u1_max": 0.8579066693454769,
      "u2_max": 0.8948913635075689,
      "inner_product": 0.3185099290134601,
      "H12_op_norm": 0.10000000000004837,
      "H11_low_eigs": [
        -9.543689623303653e-17,
        0.00846574120253543,
        0.01589650814816285,
        0.024465577530375197,
        0.07665653872214138,
        0.07740975445420105
      ],
      "H22_low_eigs": [
        3.3176586478056436e-16,
        0.00973184649241131,
        0.017427199987148485,
        0.025100889050942005,
        0.07126444020173985,
        0.07324663058202362
      ],
      "joint_low_eigs": [
        -0.028983638743067405,
        -0.02727025133293613,
        -0.025608195452780216,
        -0.020924355021109425,
        -0.009138080165595064,
        -6.210268500565956e-16
      ]
    },
    {
      "L": 16,
      "c": 0.1,
      "seed": 1,
      "d_min": 5,
      "lambda_rep": 0.1,
      "u1_max": 0.8572479233256174,
      "u2_max": 0.894735564452011,
      "inner_product": 0.32086573667233975,
      "H12_op_norm": 0.10000000000004909,
      "H11_low_eigs": [
        -6.571349367434642e-16,
        0.008219525661327696,
        0.015769484553052757,
        0.024581812177407757,
        0.07651523506920813,
        0.07741373467663609
      ],
      "H22_low_eigs": [
        -1.7011132086297565e-16,
        0.009819716243793242,
        0.017318352337760627,
        0.024982695155626036,
        0.07131586249868903,
        0.0733396856120512
      ],
      "joint_low_eigs": [
        -0.029124645872356515,
        -0.027388341192383887,
        -0.025581913542513605,
        -0.020958530240892115,
        -0.009285037873588581,
        -1.102347219624085e-15
      ]
    },
    {
      "L": 16,
      "c": 0.1,
      "seed": 2,
      "d_min": 5,
      "lambda_rep": 0.1,
      "u1_max": 0.8587087578210157,
      "u2_max": 0.8941852946162812,
      "inner_product": 0.32082238465947266,
      "H12_op_norm": 0.10000000000004898,
      "H11_low_eigs": [
        -7.01207755055e-16,
        0.008405654588800913,
        0.01600459773941093,
        0.02454620050639374,
        0.0765949476596607,
        0.07728491905825133
      ],
      "H22_low_eigs": [
        -7.430308538586283e-16,
        0.009810357868638746,
        0.017366870096225402,
        0.024881760851816464,
        0.07148057300848286,
        0.07350088672229856
      ],
      "joint_low_eigs": [
        -0.02894058217665373,
        -0.02728205831408272,
        -0.02565383732102158,
        -0.020897494095078385,
        -0.009236545112506314,
        5.873901954021623e-16
      ]
    },
    {
      "L": 16,
      "c": 0.15,
      "seed": 0,
      "d_min": 5,
      "lambda_rep": 0.1,
      "u1_max": 0.9780286520489343,
      "u2_max": 0.9917005295242243,
      "inner_product": 0.3925101394514768,
      "H12_op_norm": 0.10000000000004923,
      "H11_low_eigs": [
        -0.0010455111008723296,
        -1.3659109696373961e-15,
        0.015248834446448171,
        0.043408110242388206,
        0.045431945286136755,
        0.055306277555216554
      ],
      "H22_low_eigs": [
        2.4215835960603824e-15,
        0.004860322332877439,
        0.015459917388932863,
        0.045531970909744174,
        0.04741207223540479,
        0.06450925867331177
      ],
      "joint_low_eigs": [
        -0.03584601589532545,
        -0.03213817626740919,
        -0.02624545004582855,
        -0.011820723362336354,
        -3.1687420534466614e-15,
        1.9400605932422488e-15
      ]
    },
    {
      "L": 16,
      "c": 0.15,
      "seed": 1,
      "d_min": 5,
      "lambda_rep": 0.1,
      "u1_max": 0.9775047084776168,
      "u2_max": 0.9906255656177483,
      "inner_product": 0.39015856483604416,
      "H12_op_norm": 0.10000000000004922,
      "H11_low_eigs": [
        -0.0013458596546943005,
        -1.2953865770669384e-15,
        0.014919371158207686,
        0.043196737098986894,
        0.04509214053462672,
        0.05475269224311097
      ],
      "H22_low_eigs": [
        -1.5766774659738163e-15,
        0.004357604369832993,
        0.015067980102949286,
        0.045195510354150495,
        0.04688593010786381,
        0.06357792001499193
      ],
      "joint_low_eigs": [
        -0.03605266214525881,
        -0.032436491731419055,
        -0.02668892197970597,
        -0.01194475618603571,
        -2.12657059329641e-15,
        1.9100492011310377e-15
      ]
    },
    {
      "L": 16,
      "c": 0.15,
      "seed": 2,
      "d_min": 5,
      "lambda_rep": 0.1,
      "u1_max": 0.9777323764105821,
      "u2_max": 0.9906022649645543,
      "inner_product": 0.3893796011295837,
      "H12_op_norm": 0.1000000000000492,
      "H11_low_eigs": [
        -0.0012744105075415504,
        -1.1137098261365542e-16,
        0.014847135996025777,
        0.043235075723207825,
        0.04510219978323187,
        0.054700420957483266
      ],
      "H22_low_eigs": [
        1.297445962606703e-15,
        0.004335250382312899,
        0.015038577865791998,
        0.04520455806456332,
        0.04687322304946245,
        0.06350964053651052
      ],
      "joint_low_eigs": [
        -0.03599147193394719,
        -0.032466272902304374,
        -0.026697233230567746,
        -0.011949873757938628,
        -2.574915210636392e-15,
        -1.07329530588365e-17
      ]
    },
    {
      "L": 20,
      "c": 0.1,
      "seed": 0,
      "d_min": 6,
      "lambda_rep": 0.1,
      "u1_max": 0.9662317259742284,
      "u2_max": 0.980139619612055,
      "inner_product": 0.29407767362029535,
      "H12_op_norm": 0.10000000000004873,
      "H11_low_eigs": [
        -2.0392499026829185e-15,
        0.0024804734660496775,
        0.011176920980671978,
        0.028320171335706835,
        0.04461707101557064,
        0.04530401603552091
      ],
      "H22_low_eigs": [
        -4.451529244131364e-16,
        0.004116890211987492,
        0.011704854382767674,
        0.03184576274933281,
        0.04408952194099738,
        0.04914937305262954
      ],
      "joint_low_eigs": [
        -0.033469240055106236,
        -0.03326229305402933,
        -0.027808432122495383,
        -0.024075738635988053,
        -0.008631935825371714,
        -0.003157393344317237
      ]
    },
    {
      "L": 20,
      "c": 0.1,
      "seed": 1,
      "d_min": 6,
      "lambda_rep": 0.1,
      "u1_max": 0.9663936561250772,
      "u2_max": 0.9799767456416378,
      "inner_product": 0.29545280511324346,
      "H12_op_norm": 0.10000000000004872,
      "H11_low_eigs": [
        9.458065709643676e-16,
        0.002545590582022845,
        0.011145406160226922,
        0.028343300319297434,
        0.04464140248592359,
        0.045323710246169394
      ],
      "H22_low_eigs": [
        -2.7736848246560713e-17,
        0.00412193071522627,
        0.011694242288571872,
        0.03181515624196997,
        0.044069470945433585,
        0.049111749202521884
      ],
      "joint_low_eigs": [
        -0.033500906107053856,
        -0.03324773767545718,
        -0.027778974340116,
        -0.02406732981993105,
        -0.008641050116191309,
        -0.0031708092000823657
      ]
    },
    {
      "L": 20,
      "c": 0.1,
      "seed": 2,
      "d_min": 6,
      "lambda_rep": 0.1,
      "u1_max": 0.965831317735116,
      "u2_max": 0.9802740614950313,
      "inner_product": 0.2959101001742281,
      "H12_op_norm": 0.10000000000004848,