{
  "meta": {
    "L": 20,
    "c": 0.1,
    "K": 3,
    "beta": 4.0,
    "lambda_rep": 0.1,
    "config": "triangular"
  },
  "u_max_per_formation": [
    0.9892157905514869,
    0.9816867775651645,
    0.9813096348994713
  ],
  "inner_products": {
    "12": 0.11270581026873573,
    "13": 0.10970857248344315,
    "23": 0.1244494220612215
  },
  "H_jj_low_eigs": [
    [
      7.801507175193324e-15,
      0.004914856464034535,
      0.007518160154951677,
      0.035085207336148796,
      0.03762906905308422,
      0.041723168924092315
    ],
    [
      1.141231206758242e-15,
      0.0066274698856577975,
      0.00945097349008242,
      0.037420481088544365,
      0.04069629227857152,
      0.04185275020423607
    ],
    [
      1.2392647671943813e-14,
      0.006661001969631163,
      0.009536548407461359,
      0.037588246905471204,
      0.04069712998832771,
      0.04179065887262039
    ]
  ],
  "cross_block_op_norms": {
    "H_01": 0.10000000000010054,
    "H_02": 0.10000000000010054,
    "H_12": 0.10000000000010051
  },
  "joint_low_eigs": [
    -0.0447960364591657,
    -0.044260869389258786,
    -0.044185644158953194,
    -0.04053366158452261,
    -0.040202870241087874,
    -0.038978671782395134,
    -0.0273568636205187,
    -0.013104997659369982,
    -0.013092856792183527,
    -0.011632123759898371,
    -0.009560499099610592,
    -0.008900774499510865,
    -0.0037954290440409145,
    -0.001631756474550693,
    -0.0015250638410015706,
    -2.9031366502400854e-15,
    5.6146414739601005e-15,
    1.0828806975720743e-14
  ]
}