{
  "source": "/home/jack/Perception_theory/CODE/results/exp_orbital_fullscale.json",
  "n_total_clusters": 90,
  "n_stable_clusters": 56,
  "config": {
    "grid": [
      32,
      32
    ],
    "c": 0.5,
    "beta": 30.0,
    "alpha": 1.0,
    "n_seeds_per_ic_mode": 30,
    "ic_modes": [
      "fiedler_random",
      "random",
      "eigmode_combo"
    ],
    "with_closure": true,
    "energy_tol": 0.5,
    "n_hessian_modes": 12
  },
  "NQ128": {
    "n_clusters": 56,
    "lambda_0_stats": {
      "min": 2.1505523591203355,
      "mean": 9.89310843952057,
      "max": 19.098401750127067,
      "median": 9.438769363466939
    },
    "lambda_1_stats": {
      "min": 2.9597302946151616,
      "mean": 12.345775512612201,
      "max": 23.125315440024487
    },
    "ratio_stats": {
      "min": 0.2442127949077392,
      "mean": 0.7987552934103324,
      "max": 0.999885952964491,
      "median": 0.8691925300244794
    },
    "fraction_ratio_less_than": {
      "0.1": 0.0,
      "0.3": 0.017857142857142856,
      "0.5": 0.07142857142857142,
      "1.0": 1.0
    },
    "by_F": {
      "5": {
        "n": 1,
        "mean_ratio": 0.9940836584436036,
        "min_ratio": 0.9940836584436036,
        "max_ratio": 0.9940836584436036
      },
      "8": {
        "n": 1,
        "mean_ratio": 0.9985856342887404,
        "min_ratio": 0.9985856342887404,
        "max_ratio": 0.9985856342887404
      },
      "11": {
        "n": 1,
        "mean_ratio": 0.5164567728793098,
        "min_ratio": 0.5164567728793098,
        "max_ratio": 0.5164567728793098
      },
      "12": {
        "n": 1,
        "mean_ratio": 0.7278693969491302,
        "min_ratio": 0.7278693969491302,
        "max_ratio": 0.7278693969491302
      },
      "17": {
        "n": 2,
        "mean_ratio": 0.8189042404085529,
        "min_ratio": 0.6584559025239477,
        "max_ratio": 0.9793525782931581
      },
      "19": {
        "n": 1,
        "mean_ratio": 0.999885952964491,
        "min_ratio": 0.999885952964491,
        "max_ratio": 0.999885952964491
      },
      "20": {
        "n": 1,
        "mean_ratio": 0.9959232628885525,
        "min_ratio": 0.9959232628885525,
        "max_ratio": 0.9959232628885525
      },
      "23": {
        "n": 1,
        "mean_ratio": 0.7303744194597873,
        "min_ratio": 0.7303744194597873,
        "max_ratio": 0.7303744194597873
      },
      "24": {
        "n": 1,
        "mean_ratio": 0.5995156233510888,
        "min_ratio": 0.5995156233510888,
        "max_ratio": 0.5995156233510888
      },
      "26": {
        "n": 2,
        "mean_ratio": 0.9881158949971264,
        "min_ratio": 0.980558887380911,
        "max_ratio": 0.9956729026133417
      }
    },
    "goldstone_evidence_fraction": 0.0
  },
  "NQ129": {
    "xi_0": 0.18257418583505536,
    "n_usable": 56,
    "slope": -0.015212108113873208,
    "intercept": 3.184499341278156,
    "corr_d_over_xi_vs_log_lambda": -0.3261212182950634,
    "goldstone_slope_consistent": false
  },
  "NQ137": {
    "r_0": 12.766152972845846,
    "predictions": {
      "0": 29.993864076848457,
      "1": 30.018407769454626,
      "2": 30.092038847273137,
      "3": 30.21475731030399,
      "4": 30.386563158547183,
      "5": 30.607456392002714
    },
    "n_mode_ell_pairs": 268,
    "ell_stats": {
      "1": {
        "n": 44,
        "predicted": 30.018407769454626,
        "obs_min": 6.422169247773463,
        "obs_mean": 15.726095427871632,
        "obs_max": 23.259411157780367,
        "ratio_obs_over_pred": 0.5238817311247865
      },
      "2": {
        "n": 56,
        "predicted": 30.092038847273137,
        "obs_min": 6.992637741159803,
        "obs_mean": 17.775419137810307,
        "obs_max": 41.53162243962739,
        "ratio_obs_over_pred": 0.5907017210773363
      },
      "3": {
        "n": 44,
        "predicted": 30.21475731030399,
        "obs_min": 9.850377084240385,
        "obs_mean": 17.780870125586762,
        "obs_max": 42.01764782872746,
        "ratio_obs_over_pred": 0.5884829701916235
      },
      "4": {
        "n": 27,
        "predicted": 30.386563158547183,
        "obs_min": 5.577345602421443,
        "obs_mean": 16.87925042562912,
        "obs_max": 24.83049184086684,
        "ratio_obs_over_pred": 0.5554840255397984
      },
      "5": {
        "n": 37,
        "predicted": 30.607456392002714,
        "obs_min": 9.897283147408908,
        "obs_mean": 18.72594661947684,
        "obs_max": 41.25003594513577,
        "ratio_obs_over_pred": 0.6118099583201452
      },
      "6": {
        "n": 60,
        "predicted": 30.877437010670587,
        "obs_min": 6.965271155440937,
        "obs_mean": 16.633531954996975,
        "obs_max": 38.64832948708203,
        "ratio_obs_over_pred": 0.5386953570417383
      }
    },
    "overall_corr": 0.012761279507936372
  },
  "NQ141": {
    "taxonomy_map": {
      "s": {
        "expected_ell": 0,
        "expected_irreps": [
          "A_1"
        ],
        "observed_ells": [],
        "observed_irreps": [],
        "n_observations": 0
      },
      "p": {
        "expected_ell": 1,
        "expected_irreps": [
          "E"
        ],
        "observed_ells": [
          1,
          1,
          1,
          1,
          1,
          1,
          1,
          1,
          1,
          1,
          1,
          1,
          1,
          1,
          1,
          1,
          1,
          1,
          1,
          1,
          1,
          1,
          1,
          1,
          1,
          1,
          1,
          1,
          1,
          1,
          1,
          1,
          1,
          1,
          1,
          1,
          1,
          1,
          1,
          1,
          1,
          1,
          1,
          1,
          1,
          1,
          1,
          1,
          1,
          1,
          1,
          1,
          1,
          1,
          1,
          1,
          1,
          1,
          1,
          1,
          1,
          1,
          1,
          1,
          1,
          1,
          1,
          1,
          1,
          1,
          1,
          1,
          1,
          1,
          1,
          1
        ],
        "observed_irreps": [
          "E"
        ],
        "n_observations": 76
      },
      "d": {
        "expected_ell": 2,
        "expected_irreps": [
          "B_1",
          "B_2"
        ],
        "observed_ells": [
          2,
          2,
          2,
          2,
          2,
          2,
          2,
          2,
          2,
          2,
          2,
          2,
          2,
          2,
          2,
          2,
          2,
          2,
          2,
          2,
          2,
          2,
          2,
          2,
          2,
          2,
          2,
          2,
          2,
          2,
          2,
          2,
          2,
          2,
          2,
          2,
          2,
          2,
          2,
          2,
          2,
          2,
          2,
          2,
          2,
          2,
          2,
          2,
          2,
          2,
          2,
          2,
          2,
          2,
          2,
          2
        ],
        "observed_irreps": [
          "B_2",
          "B_1"
        ],
        "n_observations": 56
      },
      "f": {
        "expected_ell": 3,
        "expected_irreps": [
          "E"
        ],
        "observed_ells": [
          3,
          3,
          3,
          3,
          3,
          3,
          3,
          3,
          3,
          3,
          3,
          3,
          3,
          3,
          3,
          3,
          3,
          3,
          3,
          3,
          3,
          3,
          3,
          3,
          3,
          3,
          3,
          3,
          3,
          3,
          3,
          3,
          3,
          3,
          3,
          3,
          3,
          3,
          3,
          3,
          3,
          3,
          3,
          3
        ],