{
  "beta": 30.0,
  "alpha": 1.0,
  "c": 0.5,
  "results": [
    {
      "L": 16,
      "F": 1,
      "energy_pure": 83.18352072327264,
      "com": [
        8.0013090313687,
        8.001310891057305
      ],
      "d_star": 6.9986891089426955,
      "xi_0": 0.18257418583505536,
      "r_0": 6.383076486422923,
      "d_over_xi": 38.33339897933646,
      "eigs_pure": [
        2.7000623958883807e-13,
        25.26758708570891,
        25.26950940954009,
        25.283136512479892,
        25.519794779964123,
        25.537084202146033,
        25.538790064207554,
        25.556942839743208,
        27.212298466073122
      ],
      "eigs_full": [
        9.947598300641403e-14,
        24.285271553551457,
        24.302357539774935,
        24.31917804337669,
        24.786047838790598,
        24.82740270881805,
        24.828635145876913,
        24.867730715680008,
        26.733793206566162
      ],
      "lam_0_pure": 25.26758708570891,
      "lam_1_pure": 25.26950940954009,
      "ratio_pure": 0.9999239271408075,
      "morse_full": 0,
      "pt_predictions": [
        29.97545630739383,
        30.07363107781851,
        30.368155389092554,
        30.85902924121596,
        31.546252634188725,
        32.429825568010855
      ]
    }
  ]
}