{
  "script": "l1j_bridge_cut_decay_diagnostic.py",
  "purpose": "Verify the PO-1 decay-to-cut bound K_act * psi(q) + h_noise \u2264 h_min - l_min on L1-I FEASIBLE configurations.",
  "non_claims": {
    "L1_proved": false,
    "L1F_promoted_to_Cat_A": false,
    "OP_0005_solved": false,
    "OP_0008_solved": false,
    "K_bar_equals_K_act_globally": false,
    "K_soft_equals_K_act_globally": false,
    "sigma_rich_sufficient": false,
    "reservoir_canonical": false,
    "diagnostic_is_theorem_proof": false
  },
  "results": [
    {
      "config": {
        "sigma_b": 0.5,
        "delta": 0.02,
        "geometry": "A",
        "l_min": 0.1,
        "q_values": [
          1,
          2,
          3,
          4,
          5,
          6
        ],
        "K_act": 3
      },
      "U_max": 1.0,
      "h_min_required_bound": 0.9,
      "per_slot_psi": {
        "0": {
          "q=1": 0.018315638888734165,
          "q=2": 4.539992976248477e-05,
          "q=3": 1.1253517471925872e-07,
          "q=4": 5.109089028063343e-12,
          "q=5": 2.319522830243586e-16,
          "q=6": 1.9287498479639178e-22
        },
        "1": {
          "q=1": 0.018315638888734165,
          "q=2": 4.539992976248477e-05,
          "q=3": 1.1253517471925872e-07,
          "q=4": 5.109089028063343e-12,
          "q=5": 2.319522830243586e-16,
          "q=6": 1.9287498479639178e-22
        },
        "2": {
          "q=1": 0.018315638888734165,
          "q=2": 4.539992976248477e-05,
          "q=3": 1.1253517471925872e-07,
          "q=4": 5.109089028063343e-12,
          "q=5": 2.319522830243586e-16,
          "q=6": 1.9287498479639178e-22
        }
      },
      "K_act_times_psi_bound": {
        "1": 0.054946916666202494,
        "2": 0.0001361997892874543,
        "3": 3.3760552415777617e-07,
        "4": 1.532726708419003e-11,
        "5": 6.958568490730758e-16,
        "6": 5.786249543891753e-22
      },
      "bound_holds_per_q": {
        "1": true,
        "2": true,
        "3": true,
        "4": true,
        "5": true,
        "6": true
      },
      "pair_bridge_heights": {
        "0-1": 3.8574996959278356e-22,
        "0-2": 1.9293968714564823e-22,
        "1-2": 1.9293968714564823e-22
      },
      "actual_max_bridge": 3.8574996959278356e-22,
      "actual_bridge_satisfies_LG3": true
    },
    {
      "config": {
        "sigma_b": 0.5,
        "delta": 0.05,
        "geometry": "A",
        "l_min": 0.1,
        "q_values": [
          1,
          2,
          3,
          4,
          5,
          6
        ],
        "K_act": 3
      },
      "U_max": 1.0,
      "h_min_required_bound": 0.9,
      "per_slot_psi": {
        "0": {
          "q=1": 0.018315638888734165,
          "q=2": 4.539992976248477e-05,
          "q=3": 1.1253517471925872e-07,
          "q=4": 5.109089028063343e-12,
          "q=5": 2.319522830243586e-16,
          "q=6": 1.9287498479639178e-22
        },
        "1": {
          "q=1": 0.018315638888734165,
          "q=2": 4.539992976248477e-05,
          "q=3": 1.1253517471925872e-07,
          "q=4": 5.109089028063343e-12,
          "q=5": 2.319522830243586e-16,
          "q=6": 1.9287498479639178e-22
        },
        "2": {
          "q=1": 0.018315638888734165,
          "q=2": 4.539992976248477e-05,
          "q=3": 1.1253517471925872e-07,
          "q=4": 5.109089028063343e-12,
          "q=5": 2.319522830243586e-16,
          "q=6": 1.9287498479639178e-22
        }
      },
      "K_act_times_psi_bound": {
        "1": 0.054946916666202494,
        "2": 0.0001361997892874543,
        "3": 3.3760552415777617e-07,
        "4": 1.532726708419003e-11,
        "5": 6.958568490730758e-16,
        "6": 5.786249543891753e-22
      },
      "bound_holds_per_q": {
        "1": true,
        "2": true,
        "3": true,
        "4": true,
        "5": true,
        "6": true
      },
      "pair_bridge_heights": {
        "0-1": 3.8574996959278356e-22,
        "0-2": 1.9293968714564823e-22,
        "1-2": 1.9293968714564823e-22
      },
      "actual_max_bridge": 3.8574996959278356e-22,
      "actual_bridge_satisfies_LG3": true
    },
    {
      "config": {
        "sigma_b": 0.5,
        "delta": 0.05,
        "geometry": "wide",
        "l_min": 0.1,
        "q_values": [
          1,
          2,
          3,
          4,
          5,
          6
        ],
        "K_act": 3
      },
      "U_max": 1.0,
      "h_min_required_bound": 0.9,
      "per_slot_psi": {
        "0": {
          "q=1": 0.018315638888734165,
          "q=2": 4.539992976248477e-05,
          "q=3": 1.1253517471925872e-07,
          "q=4": 5.109089028063343e-12,
          "q=5": 2.319522830243586e-16,
          "q=6": 1.9287498479639178e-22
        },
        "1": {
          "q=1": 0.018315638888734165,
          "q=2": 4.539992976248477e-05,
          "q=3": 1.1253517471925872e-07,
          "q=4": 5.109089028063343e-12,
          "q=5": 2.319522830243586e-16,
          "q=6": 1.9287498479639178e-22
        },
        "2": {
          "q=1": 0.018315638888734165,
          "q=2": 4.539992976248477e-05,
          "q=3": 1.1253517471925872e-07,
          "q=4": 5.109089028063343e-12,
          "q=5": 2.319522830243586e-16,
          "q=6": 1.9287498479639178e-22
        }
      },
      "K_act_times_psi_bound": {
        "1": 0.054946916666202494,
        "2": 0.0001361997892874543,
        "3": 3.3760552415777617e-07,
        "4": 1.532726708419003e-11,
        "5": 6.958568490730758e-16,
        "6": 5.786249543891753e-22
      },
      "bound_holds_per_q": {
        "1": true,
        "2": true,
        "3": true,
        "4": true,
        "5": true,
        "6": true
      },
      "pair_bridge_heights": {
        "0-1": 3.8574996959278356e-22,
        "0-2": 6.470528673856677e-26,
        "1-2": 6.470528673856677e-26
      },
      "actual_max_bridge": 3.8574996959278356e-22,
      "actual_bridge_satisfies_LG3": true
    },
    {
      "config": {
        "sigma_b": 1.0,
        "delta": 0.05,
        "geometry": "A",
        "l_min": 0.1,
        "q_values": [
          1,
          2,
          3,
          4,
          5,
          6
        ],
        "K_act": 3
      },
      "U_max": 1.0,
      "h_min_required_bound": 0.9,
      "per_slot_psi": {
        "0": {
          "q=1": 0.018315638888734165,
          "q=2": 0.0015034391929775739,
          "q=3": 0.00012340980408667978,
          "q=4": 3.726653172078671e-06,
          "q=5": 1.1253517471925872e-07,
          "q=6": 1.2501528663867426e-09
        },
        "1": {
          "q=1": 0.018315638888734165,
          "q=2": 0.0015034391929775739,
          "q=3": 0.00012340980408667978,
          "q=4": 3.726653172078671e-06,
          "q=5": 1.1253517471925872e-07,
          "q=6": 1.2501528663867426e-09
        },
        "2": {
          "q=1": 0.018315638888734165,
          "q=2": 0.0015034391929775739,
          "q=3": 0.00012340980408667978,
          "q=4": 3.726653172078671e-06,
          "q=5": 1.1253517471925872e-07,
          "q=6": 1.2501528663867426e-09
        }
      },
      "K_act_times_psi_bound": {
        "1": 0.054946916666202494,
        "2": 0.004510317578932722,
        "3": 0.00037022941226003933,
        "4": 1.1179959516236013e-05,
        "5": 3.3760552415777617e-07,
        "6": 3.7504585991602275e-09
      },
      "bound_holds_per_q": {
        "1": true,
        "2": true,
        "3": true,
        "4": true,
        "5": true,
        "6": true
      },
      "pair_bridge_heights": {
        "0-1": 7.4533063441599186e-06,
        "0-2": 4.231000842327765e-06,
        "1-2": 4.231000842327765e-06
      },
      "actual_max_bridge": 7.4533063441599186e-06,
      "actual_bridge_satisfies_LG3": true
    },
    {
      "config": {
        "sigma_b": 1.5,
        "delta": 0.05,
        "geometry": "A",
        "l_min": 0.1,
        "q_values": [
          1,
          2,
          3,
          4,
          5,
          6
        ],