{
  "L_list": [
    8,
    10,
    12,
    14,
    16,
    20,
    24,
    32
  ],
  "beta": 30.0,
  "c": 0.5,
  "n_restarts_full": 15,
  "n_restarts_pure": 8,
  "results": [
    {
      "L": 8,
      "F_pure_list": [
        4,
        0,
        3,
        1,
        1,
        2,
        2
      ],
      "F_pure_min": 0,
      "F_pure_mode": 1,
      "E_pure_min": 15.767159183837391,
      "F_full_min": 0,
      "F_full_max": 7,
      "F_full_mean": 2.8,
      "F_full_median": 2.0,
      "F_full_list": [
        2,
        0,
        4,
        5,
        5,
        7,
        0,
        1,
        0,
        5,
        6,
        1,
        1,
        0,
        5
      ],
      "F_full_by_ic_random": [
        0,
        0,
        2,
        4,
        5,
        5,
        7
      ],
      "F_full_by_ic_fiedler": [
        0,
        0,
        1,
        1,
        1,
        5,
        5,
        6
      ],
      "E_full_min": 17.009119357064417,
      "n_restarts_pure": 7,
      "n_restarts_full": 15,
      "runtime_sec": 8.245386362075806
    },
    {
      "L": 10,
      "F_pure_list": [
        6,
        0,
        2,
        0,
        4,
        5,
        3,
        0
      ],
      "F_pure_min": 0,
      "F_pure_mode": 0,
      "E_pure_min": 25.06918079276896,
      "F_full_min": 1,
      "F_full_max": 10,
      "F_full_mean": 5.153846153846154,
      "F_full_median": 6.0,
      "F_full_list": [
        2,
        9,
        2,
        7,
        10,
        9,
        4,
        1,
        7,
        1,
        1,
        6,
        8
      ],
      "F_full_by_ic_random": [
        2,
        2,
        7,
        9,
        9,
        10
      ],
      "F_full_by_ic_fiedler": [
        1,
        1,
        1,
        4,
        6,
        7,
        8
      ],
      "E_full_min": 28.093253090400825,
      "n_restarts_pure": 8,
      "n_restarts_full": 13,
      "runtime_sec": 10.966739654541016
    },
    {
      "L": 12,
      "F_pure_list": [
        8,
        0,
        3,
        0,
        7,
        3,
        8,
        4
      ],
      "F_pure_min": 0,
      "F_pure_mode": 0,
      "E_pure_min": 25.125923756533204,
      "F_full_min": 0,
      "F_full_max": 16,
      "F_full_mean": 6.285714285714286,
      "F_full_median": 7.0,
      "F_full_list": [
        11,
        9,
        6,
        4,
        16,
        9,
        0,
        0,
        8,
        8,
        6,
        11,
        0,
        0
      ],
      "F_full_by_ic_random": [
        0,
        4,
        6,
        9,
        9,
        11,
        16
      ],
      "F_full_by_ic_fiedler": [
        0,
        0,
        0,
        6,
        8,
        8,
        11
      ],
      "E_full_min": 26.647588893879284,
      "n_restarts_pure": 8,
      "n_restarts_full": 14,
      "runtime_sec": 9.889553546905518
    },
    {
      "L": 14,
      "F_pure_list": [
        6,
        2,
        4,
        0,
        8,
        4,
        3,
        2
      ],
      "F_pure_min": 0,
      "F_pure_mode": 2,
      "E_pure_min": 24.517243386529213,
      "F_full_min": 0,
      "F_full_max": 17,
      "F_full_mean": 9.285714285714286,
      "F_full_median": 10.0,
      "F_full_list": [
        17,
        15,
        16,
        12,
        4,
        11,
        11,
        9,
        8,
        8,
        12,
        3,
        4,
        0
      ],
      "F_full_by_ic_random": [
        4,
        11,
        12,
        15,
        16,
        17
      ],
      "F_full_by_ic_fiedler": [
        0,
        3,
        4,
        8,
        8,
        9,
        11,
        12
      ],
      "E_full_min": 31.770012643419264,
      "n_restarts_pure": 8,
      "n_restarts_full": 14,
      "runtime_sec": 14.859163284301758
    },
    {
      "L": 16,
      "F_pure_list": [
        8,
        0,
        7,
        1,
        6,
        2,
        6
      ],
      "F_pure_min": 0,
      "F_pure_mode": 6,
      "E_pure_min": 41.36058055409427,
      "F_full_min": 0,
      "F_full_max": 19,
      "F_full_mean": 9.714285714285714,
      "F_full_median": 11.0,
      "F_full_list": [
        18,
        19,
        0,
        15,
        14,
        17,
        9,
        10,
        12,
        9,
        0,
        1,
        0,
        12
      ],
      "F_full_by_ic_random": [
        0,
        14,
        15,
        17,
        18,
        19
      ],
      "F_full_by_ic_fiedler": [
        0,
        0,
        1,
        9,
        9,
        10,
        12,
        12
      ],
      "E_full_min": 37.094557376298,
      "n_restarts_pure": 7,
      "n_restarts_full": 14,
      "runtime_sec": 18.039976119995117
    },
    {
      "L": 20,
      "F_pure_list": [
        2,
        0,
        11,
        13,
        6,
        7,
        2
      ],
      "F_pure_min": 0,
      "F_pure_mode": 2,
      "E_pure_min": 52.5055994250733,
      "F_full_min": 0,
      "F_full_max": 21,
      "F_full_mean": 13.75,
      "F_full_median": 16.0,
      "F_full_list": [
        19,
        18,
        20,
        21,
        20,
        0,
        2,
        13,
        8,
        12,
        17,
        15
      ],
      "F_full_by_ic_random": [
        18,
        19,
        20,
        20,
        21
      ],
      "F_full_by_ic_fiedler": [
        0,
        2,
        8,
        12,
        13,
        15,
        17
      ],
      "E_full_min": 54.630135309668816,
      "n_restarts_pure": 7,
      "n_restarts_full": 12,
      "runtime_sec": 24.429333925247192
    },
    {
      "L": 24,
      "F_pure_list": [
        15,
        1,
        18,
        3,
        3,
        6,
        3
      ],
      "F_pure_min": 1,
      "F_pure_mode": 3,
      "E_pure_min": 64.80797712172017,
      "F_full_min": 0,
      "F_full_max": 36,
      "F_full_mean": 20.454545454545453,
      "F_full_median": 21.0,
      "F_full_list": [
        36,
        33,
        28,
        33,
        15,
        21,
        12,
        14,
        21,
        0,
        12
      ],
      "F_full_by_ic_random": [
        28,
        33,
        33,
        36
      ],
      "F_full_by_ic_fiedler": [
        0,
        12,
        12,
        14,
        15,
        21,
        21
      ],
      "E_full_min": 60.413917510706646,
      "n_restarts_pure": 7,
      "n_restarts_full": 11,
      "runtime_sec": 37.08333659172058
    },
    {
      "L": 32,
      "F_pure_list": [
        15,
        2,
        33,
        1,
        30,
        0,
        29,
        11
      ],
      "F_pure_min": 0,
      "F_pure_mode": 0,
      "E_pure_min": 89.01041214944954,
      "F_full_min": 2,
      "F_full_max": 55,
      "F_full_mean": 31.0,
      "F_full_median": 24.0,
      "F_full_list": [
        53,
        51,
        51,
        55,
        54,
        2,
        2,
        23,
        20,
        25,
        22,
        14
      ],
      "F_full_by_ic_random": [
        51,
        51,
        53,
        54,
        55
      ],
      "F_full_by_ic_fiedler": [
        2,
        2,
        14,
        20,
        22,
        23,
        25
      ],
      "E_full_min": 98.26227393895888,
      "n_restarts_pure": 8,
      "n_restarts_full": 12,
      "runtime_sec": 64.74802708625793
    }
  ]
}