{
  "L": 16,
  "n_restarts": 8,
  "beta": 30.0,
  "c": 0.5,
  "lambdas": [
    0.0,
    0.5,
    1.0,
    2.0
  ],
  "results": {
    "(0.0,0.0)": {
      "F_min": 3,
      "F_max": 11,
      "F_mean": 7.4,
      "F_list": [
        11,
        5,
        3,
        8,
        10
      ],
      "E_min": 124.19190896279264,
      "n": 5,
      "runtime_sec": 3.071601152420044,
      "w_cl": 0.0,
      "w_sep": 0.0
    },
    "(0.0,0.5)": {
      "F_min": 1,
      "F_max": 13,
      "F_mean": 5.5,
      "F_list": [
        7,
        2,
        3,
        2,
        1,
        13,
        10,
        6
      ],
      "E_min": 119.25538229665206,
      "n": 8,
      "runtime_sec": 3.3103654384613037,
      "w_cl": 0.0,
      "w_sep": 0.5
    },
    "(0.0,1.0)": {
      "F_min": 0,
      "F_max": 12,
      "F_mean": 4.833333333333333,
      "F_list": [
        10,
        4,
        2,
        1,
        0,
        12
      ],
      "E_min": 125.79635884466538,
      "n": 6,
      "runtime_sec": 11.540785312652588,
      "w_cl": 0.0,
      "w_sep": 1.0
    },
    "(0.0,2.0)": {
      "F_min": 18,
      "F_max": 18,
      "F_mean": 18.0,
      "F_list": [
        18
      ],
      "E_min": 158.34216127765092,
      "n": 1,
      "runtime_sec": 23.418962478637695,
      "w_cl": 0.0,
      "w_sep": 2.0
    },
    "(0.5,0.0)": {
      "F_min": 3,
      "F_max": 12,
      "F_mean": 6.8,
      "F_list": [
        12,
        6,
        3,
        4,
        9
      ],
      "E_min": 122.25175249627846,
      "n": 5,
      "runtime_sec": 4.292013883590698,
      "w_cl": 0.5,
      "w_sep": 0.0
    },
    "(0.5,0.5)": {
      "F_min": 2,
      "F_max": 12,
      "F_mean": 6.857142857142857,
      "F_list": [
        10,
        4,
        3,
        2,
        11,
        12,
        6
      ],
      "E_min": 122.68725905868871,
      "n": 7,
      "runtime_sec": 3.9186623096466064,
      "w_cl": 0.5,
      "w_sep": 0.5
    },
    "(0.5,1.0)": {
      "F_min": 1,
      "F_max": 19,
      "F_mean": 9.125,
      "F_list": [
        15,
        12,
        10,
        2,
        1,
        19,
        1,
        13
      ],
      "E_min": 129.28434998821427,
      "n": 8,
      "runtime_sec": 8.807822704315186,
      "w_cl": 0.5,
      "w_sep": 1.0
    },
    "(0.5,2.0)": {
      "F_min": null,
      "F_max": null,
      "F_mean": null,
      "n": 0,
      "runtime_sec": 24.739095449447632,
      "w_cl": 0.5,
      "w_sep": 2.0
    },
    "(1.0,0.0)": {
      "F_min": 4,
      "F_max": 12,
      "F_mean": 8.166666666666666,
      "F_list": [
        12,
        6,
        7,
        4,
        10,
        10
      ],
      "E_min": 125.74719378041,
      "n": 6,
      "runtime_sec": 2.0065078735351562,
      "w_cl": 1.0,
      "w_sep": 0.0
    },
    "(1.0,0.5)": {
      "F_min": 5,
      "F_max": 12,
      "F_mean": 9.0,
      "F_list": [
        12,
        5,
        7,
        12,
        12,
        6
      ],
      "E_min": 126.08526499125416,
      "n": 6,
      "runtime_sec": 2.988654136657715,
      "w_cl": 1.0,
      "w_sep": 0.5
    },
    "(1.0,1.0)": {
      "F_min": 3,
      "F_max": 20,
      "F_mean": 12.375,
      "F_list": [
        15,
        12,
        16,
        15,
        3,
        20,
        5,
        13
      ],
      "E_min": 132.73952471067886,
      "n": 8,
      "runtime_sec": 7.003950357437134,
      "w_cl": 1.0,
      "w_sep": 1.0
    },
    "(1.0,2.0)": {
      "F_min": 3,
      "F_max": 18,
      "F_mean": 10.5,
      "F_list": [
        18,
        3
      ],
      "E_min": 146.69464871951692,
      "n": 2,
      "runtime_sec": 23.656115531921387,
      "w_cl": 1.0,
      "w_sep": 2.0
    },
    "(2.0,0.0)": {
      "F_min": 4,
      "F_max": 12,
      "F_mean": 8.0,
      "F_list": [
        12,
        6,
        4,
        8,
        8,
        9,
        10,
        7
      ],
      "E_min": 116.29662650115368,
      "n": 8,
      "runtime_sec": 0.9627060890197754,
      "w_cl": 2.0,
      "w_sep": 0.0
    },
    "(2.0,0.5)": {
      "F_min": 5,
      "F_max": 13,
      "F_mean": 9.5,
      "F_list": [
        13,
        7,
        10,
        11,
        8,
        11,
        11,
        5
      ],
      "E_min": 132.77968148057428,
      "n": 8,
      "runtime_sec": 1.1245529651641846,
      "w_cl": 2.0,
      "w_sep": 0.5
    },
    "(2.0,1.0)": {
      "F_min": 12,
      "F_max": 20,
      "F_mean": 16.0,
      "F_list": [
        14,
        16,
        20,
        18,
        12
      ],
      "E_min": 139.26371226994112,
      "n": 5,
      "runtime_sec": 10.343276977539062,
      "w_cl": 2.0,
      "w_sep": 1.0
    },
    "(2.0,2.0)": {
      "F_min": 10,
      "F_max": 20,
      "F_mean": 15.25,
      "F_list": [
        20,
        14,
        10,
        17
      ],
      "E_min": 153.8399740254293,
      "n": 4,
      "runtime_sec": 23.977797031402588,
      "w_cl": 2.0,
      "w_sep": 2.0
    }
  }
}