{
  "L_list": [
    8,
    12,
    16,
    20,
    24,
    32
  ],
  "n_restarts": 10,
  "beta": 30.0,
  "c": 0.5,
  "results": [
    {
      "L": 8,
      "F_pure": 1,
      "F_full_min": 0,
      "F_full_max": 6,
      "F_full_mean": 3.8,
      "F_full_list": [
        5,
        1,
        6,
        3,
        0,
        4,
        6,
        5,
        3,
        5
      ],
      "E_full_min": 25.73520867654438,
      "E_full_list": [
        34.94314996410211,
        35.192261400815426,
        36.631229615251044,
        25.73520867654438,
        31.83506356955648,
        35.73039778628203,
        36.986018970320266,
        40.08631625749532,
        37.16774897289497,
        45.095208773022485
      ],
      "n_restarts_converged": 10,
      "runtime_sec": 4.409967660903931
    },
    {
      "L": 12,
      "F_pure": 1,
      "F_full_min": 5,
      "F_full_max": 15,
      "F_full_mean": 9.777777777777779,
      "F_full_list": [
        5,
        9,
        11,
        15,
        7,
        10,
        9,
        13,
        9
      ],
      "E_full_min": 42.413521674071355,
      "E_full_list": [
        81.86238334816062,
        80.0831989874061,
        60.60557012834874,
        97.29815806063499,
        73.87052091591788,
        96.8128498263737,
        87.44517106514738,
        63.434141988030746,
        42.413521674071355
      ],
      "n_restarts_converged": 9,
      "runtime_sec": 7.157484531402588
    },
    {
      "L": 16,
      "F_pure": 2,
      "F_full_min": 12,
      "F_full_max": 18,
      "F_full_mean": 15.5,
      "F_full_list": [
        12,
        17,
        15,
        17,
        15,
        15,
        16,
        18,
        16,
        14
      ],
      "E_full_min": 102.14344692944657,
      "E_full_list": [
        136.88356837790508,
        152.64298269291362,
        147.2926686895727,
        143.4173164733928,
        136.12800732461102,
        123.51741800746832,
        155.71534363981874,
        107.5786968946575,
        132.1604484627161,
        102.14344692944657
      ],
      "n_restarts_converged": 10,
      "runtime_sec": 11.023746728897095
    },
    {
      "L": 20,
      "F_pure": 1,
      "F_full_min": 2,
      "F_full_max": 24,
      "F_full_mean": 13.714285714285714,
      "F_full_list": [
        21,
        2,
        24,
        17,
        18,
        8,
        6
      ],
      "E_full_min": 169.29951313262058,
      "E_full_list": [
        231.72248132849296,
        224.79154531991463,
        265.9869479325565,
        240.5288093523555,
        169.29951313262058,
        212.4694935982443,
        224.83545008634067
      ],
      "n_restarts_converged": 7,
      "runtime_sec": 14.16866946220398
    },
    {
      "L": 24,
      "F_pure": 0,
      "F_full_min": 29,
      "F_full_max": 35,
      "F_full_mean": 32.0,
      "F_full_list": [
        31,
        30,
        32,
        29,
        35,
        35
      ],
      "E_full_min": 293.1962033530754,
      "E_full_list": [
        323.629061942381,
        293.1962033530754,
        361.46411188550525,
        370.6878858810253,
        303.2688651605632,
        354.9863646206377
      ],
      "n_restarts_converged": 6,
      "runtime_sec": 28.384727478027344
    },
    {
      "L": 32,
      "F_pure": 0,
      "F_full_min": 39,
      "F_full_max": 52,
      "F_full_mean": 46.6,
      "F_full_list": [
        46,
        39,
        47,
        52,
        49
      ],
      "E_full_min": 454.9947713079946,
      "E_full_list": [
        454.9947713079946,
        489.9724884779061,
        521.6739204566854,
        520.5114987817507,
        564.5837768544823
      ],
      "n_restarts_converged": 5,
      "runtime_sec": 42.02774930000305
    }
  ]
}