{
  "meta": {
    "protocol": "NQ-187 \u00a78 (working/SF/sigma_theorem4_higher_order.md)",
    "goal": "verify p=2 in \u03bc_1 - \u03bc_0 ~ \u03b5^p (D_4 free-BC L\u00d7L grid)",
    "alpha": 1.0,
    "c": 0.5,
    "epsilons": [
      0.001,
      0.003,
      0.01,
      0.03,
      0.1
    ],
    "Ls": [
      4,
      8,
      16
    ],
    "predictions": {
      "\u00a73.2_polynomial": "p = 2 (no 5th equivariant)",
      "alternative": "p = 3/2 (5th equivariant non-zero)"
    },
    "falsifiability_rule": "CONFIRMED if all |p_L - 2| < 0.3",
    "hessian_method": "analytic E_bd Hessian (4\u03b1L + \u03b2 diag(W\"(u_i)))",
    "eig_method": "eigsh(sigma=0,which=LM) for L\u226516 else eigh",
    "constant_mode_handling": "rank-1 penalty 11^T/n \u00b7 \u03c1",
    "p_values_per_L": {
      "4": 0.9249592758005828,
      "8": 0.9703818565059895,
      "16": 1.0281876102894227
    },
    "elapsed_total_s": 32.73855900764465
  },
  "L_results": {
    "4": {
      "beta_crit": 2.343145750507612,
      "n": 16,
      "epsilons": [
        0.001,
        0.003,
        0.01,
        0.03,
        0.1
      ],
      "mu_0": [
        0.001976654592616341,
        0.0036437265293702936,
        0.010325110016835129,
        0.0299741403614494,
        0.09810741276217481
      ],
      "mu_1": [
        0.003467345644514523,
        0.006968253474783223,
        0.020513494940821927,
        0.06016913255926808,
        0.19939942296171242
      ],
      "delta_mu": [
        0.001490691051898182,
        0.0033245269454129293,
        0.010188384923986799,
        0.030194992197818682,
        0.10129201019953761
      ],
      "eigs_full": [
        [
          0.001976654592616341,
          0.003467345644514523,
          2.34661235211336,
          5.658831647955584
        ],
        [
          0.0036437265293702936,
          0.006968253474783223,
          2.3501139434948923,
          5.660498036478839
        ],
        [
          0.010325110016835129,
          0.020513494940821927,
          2.363658319259294,
          5.667180284270385
        ],
        [
          0.0299741403614494,
          0.06016913255926808,
          2.403313657000079,
          5.686829610342099
        ],
        [
          0.09810741276217481,
          0.19939942296171242,
          2.5425449339415196,
          5.754961898185332
        ]
      ],
      "osc_u": [
        0.010289066013432845,
        0.015364906438056046,
        0.026846479048105134,
        0.04597791022437132,
        0.08271636928051929
      ],
      "converged": [
        false,
        false,
        false,
        false,
        false
      ],
      "fit_p": 0.9249592758005828,
      "fit_p_stderr": 0.030719491441773182,
      "fit_intercept_log": -0.23916972937235811,
      "elapsed_s": 5.037424087524414,
      "per_eps_runs": [
        {
          "L": 4,
          "n": 16,
          "eps": 0.001,
          "beta_crit": 2.343145750507612,
          "beta": 2.3441457505076118,
          "alpha": 1.0,
          "c": 0.5,
          "energy": 2.3441455341333333,
          "converged": false,
          "n_iter": 6853,
          "eigs": [
            0.001976654592616341,
            0.003467345644514523,
            2.34661235211336,
            5.658831647955584
          ],
          "mu_0": 0.001976654592616341,
          "mu_1": 0.003467345644514523,
          "delta_mu": 0.001490691051898182,
          "amp_init": 0.3,
          "osc_u": 0.010289066013432845,
          "t_opt_s": 1.9963891506195068,
          "t_eig_s": 0.0021047592163085938
        },
        {
          "L": 4,
          "n": 16,
          "eps": 0.003,
          "beta_crit": 2.34314575050762,
          "beta": 2.34614575050762,
          "alpha": 1.0,
          "c": 0.5,
          "energy": 2.346143222620234,
          "converged": false,
          "n_iter": 4783,
          "eigs": [
            0.0036437265293702936,
            0.006968253474783223,
            2.3501139434948923,
            5.660498036478839
          ],
          "mu_0": 0.0036437265293702936,
          "mu_1": 0.006968253474783223,
          "delta_mu": 0.0033245269454129293,
          "amp_init": 0.3,
          "osc_u": 0.015364906438056046,
          "t_opt_s": 1.657519817352295,
          "t_eig_s": 0.0005393028259277344
        },
        {
          "L": 4,
          "n": 16,
          "eps": 0.01,
          "beta_crit": 2.343145750507619,
          "beta": 2.3531457505076188,
          "alpha": 1.0,
          "c": 0.5,
          "energy": 2.3531174229004614,
          "converged": false,
          "n_iter": 2498,
          "eigs": [
            0.010325110016835129,
            0.020513494940821927,
            2.363658319259294,
            5.667180284270385
          ],
          "mu_0": 0.010325110016835129,
          "mu_1": 0.020513494940821927,
          "delta_mu": 0.010188384923986799,
          "amp_init": 0.3,
          "osc_u": 0.026846479048105134,
          "t_opt_s": 0.7416219711303711,
          "t_eig_s": 0.00024700164794921875
        },
        {
          "L": 4,
          "n": 16,
          "eps": 0.03,
          "beta_crit": 2.343145750507619,
          "beta": 2.373145750507619,
          "alpha": 1.0,
          "c": 0.5,
          "energy": 2.3728927752772586,
          "converged": false,
          "n_iter": 1219,
          "eigs": [
            0.0299741403614494,
            0.06016913255926808,
            2.403313657000079,
            5.686829610342099
          ],
          "mu_0": 0.0299741403614494,
          "mu_1": 0.06016913255926808,
          "delta_mu": 0.030194992197818682,
          "amp_init": 0.3,
          "osc_u": 0.04597791022437132,
          "t_opt_s": 0.3575711250305176,
          "t_eig_s": 0.00025391578674316406
        },
        {
          "L": 4,
          "n": 16,
          "eps": 0.1,
          "beta_crit": 2.343145750507618,
          "beta": 2.443145750507618,
          "alpha": 1.0,
          "c": 0.5,
          "energy": 2.4404116456258036,
          "converged": false,
          "n_iter": 934,
          "eigs": [
            0.09810741276217481,
            0.19939942296171242,
            2.5425449339415196,
            5.754961898185332
          ],
          "mu_0": 0.09810741276217481,
          "mu_1": 0.19939942296171242,
          "delta_mu": 0.10129201019953761,
          "amp_init": 0.3,
          "osc_u": 0.08271636928051929,
          "t_opt_s": 0.2718501091003418,
          "t_eig_s": 0.00025391578674316406
        }
      ]
    },
    "8": {
      "beta_crit": 0.6089637399097002,
      "n": 64,
      "epsilons": [
        0.001,
        0.003,
        0.01,
        0.03,
        0.1
      ],
      "mu_0": [
        0.0011435401482144162,
        0.0030846596059664116,
        0.010013663069048167,
        0.029372978122523968,
        0.0931289998950643
      ],
      "mu_1": [
        0.0023864516035562357,
        0.006177548051868205,
        0.020110644675892683,
        0.05986205851477737,
        0.19848382742387313
      ],
      "delta_mu": [
        0.0012429114553418196,
        0.003092888445901793,
        0.010096981606844515,
        0.0304890803922534,
        0.10535482752880883
      ],
      "eigs_full": [
        [
          0.0011435401482144162,
          0.0023864516035562357,
          0.6112820927131509,
          1.7353936190483514
        ],
        [
          0.0030846596059664116,
          0.006177548051868205,
          0.6151243510509351,
          1.737283587477996
        ],
        [
          0.010013663069048167,
          0.020110644675892683,
          0.6290743844775892,
          1.7441956737743871
        ],
        [
          0.029372978122523968,
          0.05986205851477737,
          0.6688255136469731,
          1.7635552702626902
        ],
        [
          0.0931289998950643,
          0.19848382742387313,
          0.8074475522264546,
          1.8273110250269786
        ]
      ],