{
  "meta": {
    "L": 30,
    "K": 8,
    "configs": [
      [
        4.0,
        0.1
      ],
      [
        4.0,
        0.2
      ],
      [
        8.0,
        0.1
      ]
    ],
    "gammas": [
      0.0,
      0.03,
      0.05,
      0.07,
      0.1,
      0.15,
      0.2,
      0.3,
      0.5,
      1.0
    ],
    "seeds": [
      0,
      1
    ],
    "t_max": 70.0,
    "dt": 0.05,
    "elapsed_s": 34.936548948287964
  },
  "results": {
    "\u03b2=4.0_c=0.1": {
      "0.0": 0.6892886852276509,
      "0.03": 0.6467283631169919,
      "0.05": 0.6097068044350319,
      "0.07": 0.5823292387136904,
      "0.1": 0.5212504950907326,
      "0.15": 0.4196180743925787,
      "0.2": 0.42470306104684313,
      "0.3": 0.4060835545084605,
      "0.5": 0.31672331420874716,
      "1.0": 0.2020151043448346
    },
    "\u03b2=4.0_c=0.2": {
      "0.0": 0.7340790761970107,
      "0.03": 0.7016097222349846,
      "0.05": 0.6716697918726068,
      "0.07": 0.6385580865905401,
      "0.1": 0.5863642935916085,
      "0.15": 0.43781270630524016,
      "0.2": 0.3760560652801126,
      "0.3": 0.28252955467081814,
      "0.5": 0.21032370559207098,
      "1.0": 0.11830979447986015
    },
    "\u03b2=8.0_c=0.1": {
      "0.0": 0.4093072293511018,
      "0.03": 0.36873979979745525,
      "0.05": 0.38772251403332797,
      "0.07": 0.37142808469651234,
      "0.1": 0.3518420136472188,
      "0.15": 0.3293117740213131,
      "0.2": 0.28965840065310544,
      "0.3": 0.2711142386745663,
      "0.5": 0.22450971686673907,
      "1.0": 0.18378902702052902
    }
  },
  "gamma_stars": {
    "\u03b2=4.0_c=0.1": {
      "gamma_star": 0.0,
      "alpha_max": 0.6892886852276509
    },
    "\u03b2=4.0_c=0.2": {
      "gamma_star": 0.0,
      "alpha_max": 0.7340790761970107
    },
    "\u03b2=8.0_c=0.1": {
      "gamma_star": 0.0,
      "alpha_max": 0.4093072293511018
    }
  }
}